# ************************************************************
# Sequel Pro SQL dump
# VersiÛn 4541
#
# http://www.sequelpro.com/
# https://github.com/sequelpro/sequelpro
#
# Host: 127.0.01 (MySQL 5.5.5-10.1.25-MariaDB)
# Base de datos: gestorres
# Tiempo de GeneraciÛn: 2018-01-16 19:38:10 +0000
# ************************************************************


/*!40101 SET @OLD_CHARACTER_SET_CLIENT=@@CHARACTER_SET_CLIENT */;
/*!40101 SET @OLD_CHARACTER_SET_RESULTS=@@CHARACTER_SET_RESULTS */;
/*!40101 SET @OLD_COLLATION_CONNECTION=@@COLLATION_CONNECTION */;
/*!40101 SET NAMES utf8 */;
/*!40014 SET @OLD_FOREIGN_KEY_CHECKS=@@FOREIGN_KEY_CHECKS, FOREIGN_KEY_CHECKS=0 */;
/*!40101 SET @OLD_SQL_MODE=@@SQL_MODE, SQL_MODE='NO_AUTO_VALUE_ON_ZERO' */;
/*!40111 SET @OLD_SQL_NOTES=@@SQL_NOTES, SQL_NOTES=0 */;


# Volcado de tabla catColonias
# ------------------------------------------------------------

DROP TABLE IF EXISTS `catColonias`;

CREATE TABLE `catColonias` (
  `idColonia` int(11) NOT NULL AUTO_INCREMENT,
  `prefijo` varchar(10) DEFAULT NULL,
  `nombre_colonia` varchar(200) DEFAULT NULL,
  `ciudad` varchar(50) DEFAULT NULL,
  `Estado` varchar(50) DEFAULT NULL,
  `lat` double DEFAULT NULL,
  `lng` double DEFAULT NULL,
  PRIMARY KEY (`idColonia`)
) ENGINE=InnoDB DEFAULT CHARSET=utf8;

LOCK TABLES `catColonias` WRITE;
/*!40000 ALTER TABLE `catColonias` DISABLE KEYS */;

INSERT INTO `catColonias` (`idColonia`, `prefijo`, `nombre_colonia`, `ciudad`, `Estado`, `lat`, `lng`)
VALUES
	(1,'COL','DESCONOCIDA','M√âRIDA','YUCAT√ÅN',0,0),
	(2,'COL','ALCALA MARTIN','M√âRIDA','YUCAT√ÅN',0,0),
	(3,'COL','AMALIA SOLORZANO','M√âRIDA','YUCAT√ÅN',0,0),
	(4,'COL','AMALIA SOLORZANO II','M√âRIDA','YUCAT√ÅN',0,0),
	(5,'COL','AMALIA ZOLORZANO III','M√âRIDA','YUCAT√ÅN',0,0),
	(6,'COL','AMAPOLITA CHENKU','M√âRIDA','YUCAT√ÅN',0,0),
	(7,'COL','AMP. PEDREGALES DE LINDA VISTA','M√âRIDA','YUCAT√ÅN',0,0),
	(8,'COL','AMP. REVOLUCION','M√âRIDA','YUCAT√ÅN',0,0),
	(9,'COL','AVILA CAMACHO','M√âRIDA','YUCAT√ÅN',0,0),
	(10,'COL','AZCORRA','M√âRIDA','YUCAT√ÅN',0,0),
	(11,'COL','BENITO JUAREZ NORTE','M√âRIDA','YUCAT√ÅN',0,0),
	(12,'COL','BENITO JUAREZ ORIENTE','M√âRIDA','YUCAT√ÅN',0,0),
	(13,'COL','BOJORQUEZ','M√âRIDA','YUCAT√ÅN',0,0),
	(14,'COL','BUENAVISTA','M√âRIDA','YUCAT√ÅN',0,0),
	(15,'COL','CANTO','M√âRIDA','YUCAT√ÅN',0,0),
	(16,'COL','CARRILLO ANCONA','M√âRIDA','YUCAT√ÅN',0,0),
	(17,'COL','CASTILLA CAMARA','M√âRIDA','YUCAT√ÅN',0,0),
	(18,'COL','CAUCEL','CAUCEL','YUCAT√ÅN',0,0),
	(19,'COL','CECILIO CHI','M√âRIDA','YUCAT√ÅN',0,0),
	(20,'COL','CENTRO','M√âRIDA','YUCAT√ÅN',0,0),
	(21,'COL','CERRITO MULCHECHEN','M√âRIDA','YUCAT√ÅN',0,0),
	(22,'COL','CINCO COLONIAS','M√âRIDA','YUCAT√ÅN',0,0),
	(23,'COL','CIUDAD INDUSTRIAL','M√âRIDA','YUCAT√ÅN',0,0),
	(24,'COL','CORDEMEX','M√âRIDA','YUCAT√ÅN',0,0),
	(25,'COL','CUAUHTEMOC','M√âRIDA','YUCAT√ÅN',0,0),
	(26,'COL','CHICHEN ITZA','M√âRIDA','YUCAT√ÅN',0,0),
	(27,'COL','CHUBURNA DE HIDALGO','M√âRIDA','YUCAT√ÅN',0,0),
	(28,'COL','CHUMINOPOLIS','M√âRIDA','YUCAT√ÅN',0,0),
	(29,'COL','DELIO MORENO','M√âRIDA','YUCAT√ÅN',0,0),
	(30,'COL','DIAZ ORDAZ','M√âRIDA','YUCAT√ÅN',0,0),
	(31,'COL','DOLORES OTERO','M√âRIDA','YUCAT√ÅN',0,0),
	(32,'COL','DOLORES PATRON','M√âRIDA','YUCAT√ÅN',0,0),
	(33,'COL','DONALDO COLOSIO','M√âRIDA','YUCAT√ÅN',0,0),
	(34,'COL','DZODZIL NORTE','M√âRIDA','YUCAT√ÅN',0,0),
	(35,'COL','EL ROBLE','M√âRIDA','YUCAT√ÅN',0,0),
	(36,'COL','EL ROBLE AGRICOLA','M√âRIDA','YUCAT√ÅN',0,0),
	(37,'COL','EL ROSARIO CHUBURNA','M√âRIDA','YUCAT√ÅN',0,0),
	(38,'COL','EMILIANO ZAPATA NORTE','M√âRIDA','YUCAT√ÅN',0,0),
	(39,'COL','EMILIANO ZAPATA ORIENTE','M√âRIDA','YUCAT√ÅN',0,0),
	(40,'COL','EMILIANO ZAPATA SUR','M√âRIDA','YUCAT√ÅN',0,0),
	(41,'COL','EMILIANO ZAPATA SUR II','M√âRIDA','YUCAT√ÅN',0,0),
	(42,'COL','EMILIANO ZAPATA SUR III','M√âRIDA','YUCAT√ÅN',0,0),
	(43,'COL','EMILIO PORTES GIL','M√âRIDA','YUCAT√ÅN',0,0),
	(44,'COL','ESPERANZA','M√âRIDA','YUCAT√ÅN',0,0),
	(45,'COL','EXPLANTEL MEXICO PONIENTE','M√âRIDA','YUCAT√ÅN',0,0),
	(46,'COL','FELIPE CARRILLO PUERTO','M√âRIDA','YUCAT√ÅN',0,0),
	(47,'COL','F. CARRILLO PUERTO (CHUBURNA)','M√âRIDA','YUCAT√ÅN',0,0),
	(48,'COL','FLOR DE MAYO','M√âRIDA','YUCAT√ÅN',0,0),
	(49,'FRACC','AMPLIACION HACIENDA','M√âRIDA','YUCAT√ÅN',0,0),
	(50,'FRACC','ARBOLEDA','M√âRIDA','YUCAT√ÅN',0,0),
	(51,'FRACC','ARCOS DEL SOL','M√âRIDA','YUCAT√ÅN',0,0),
	(52,'FRACC','ATLANTIDA','M√âRIDA','YUCAT√ÅN',0,0),
	(53,'FRACC','BOSQUES DE MULSAY','M√âRIDA','YUCAT√ÅN',0,0),
	(54,'FRACC','BOSQUES DE YUCALPETEN','M√âRIDA','YUCAT√ÅN',0,0),
	(55,'FRACC','BOSQUES DEL PEDREGAL','M√âRIDA','YUCAT√ÅN',0,0),
	(56,'FRACC','BOULEVARES DE ORIENTE','M√âRIDA','YUCAT√ÅN',0,0),
	(57,'FRACC','BRISAS','M√âRIDA','YUCAT√ÅN',0,0),
	(58,'FRACC','BRISAS DE CHUBURNA','M√âRIDA','YUCAT√ÅN',0,0),
	(59,'FRACC','BRISAS DE ORIENTE','M√âRIDA','YUCAT√ÅN',0,0),
	(60,'FRACC','BRISAS DEL BOSQUE','M√âRIDA','YUCAT√ÅN',0,0),
	(61,'FRACC','BRISAS DEL NORTE','M√âRIDA','YUCAT√ÅN',0,0),
	(62,'FRACC','BRISAS DEL SUR','M√âRIDA','YUCAT√ÅN',0,0),
	(63,'FRACC','BUGAMBILIAS (PINZON)','M√âRIDA','YUCAT√ÅN',0,0),
	(64,'FRACC','BULEVARES DE CHUBURNA','M√âRIDA','YUCAT√ÅN',0,0),
	(65,'FRACC','CAMARA DE COMERCIO','M√âRIDA','YUCAT√ÅN',0,0),
	(66,'FRACC','CAMPESTRE','M√âRIDA','YUCAT√ÅN',0,0),
	(67,'FRACC','CEBALLOS MIMENZA','M√âRIDA','YUCAT√ÅN',0,0),
	(68,'FRACC','CIPRECES CHUBURNA','M√âRIDA','YUCAT√ÅN',0,0),
	(69,'FRACC','COLONIAL BUENAVISTA','M√âRIDA','YUCAT√ÅN',0,0),
	(70,'FRACC','COLONIAL CHUBURNA','M√âRIDA','YUCAT√ÅN',0,0),
	(71,'FRACC','CORDELEROS DE CHUBURNA','M√âRIDA','YUCAT√ÅN',0,0),
	(72,'FRACC','CROC KANASIN','M√âRIDA','YUCAT√ÅN',0,0),
	(73,'FRACC','CHENKU','M√âRIDA','YUCAT√ÅN',0,0),
	(74,'FRACC','CHUBURNA INN','M√âRIDA','YUCAT√ÅN',0,0),
	(75,'FRACC','CHUBURNA VISTA ALEGRE','M√âRIDA','YUCAT√ÅN',0,0),
	(76,'FRACC','DAVID CABRERA LEIJA','M√âRIDA','YUCAT√ÅN',0,0),
	(77,'FRACC','DEL ARCO','M√âRIDA','YUCAT√ÅN',0,0),
	(78,'FRACC','DEL CARMEN','M√âRIDA','YUCAT√ÅN',0,0),
	(79,'FRACC','DEL NORTE','M√âRIDA','YUCAT√ÅN',0,0),
	(80,'FRACC','DEL PARQUE','M√âRIDA','YUCAT√ÅN',0,0),
	(81,'FRACC','DEL SUR','M√âRIDA','YUCAT√ÅN',0,0),
	(82,'FRACC','EL PRADO','M√âRIDA','YUCAT√ÅN',0,0),
	(83,'FRACC','FENIX','M√âRIDA','YUCAT√ÅN',0,0),
	(84,'FRACC','FIDEL VELAZQUEZ','M√âRIDA','YUCAT√ÅN',0,0),
	(85,'FRACC','FOVISSSTE','M√âRIDA','YUCAT√ÅN',0,0),
	(86,'FRACC','FRANCISCO DE MONTEJO','M√âRIDA','YUCAT√ÅN',0,0),
	(87,'FRACC','GIRASOLES','M√âRIDA','YUCAT√ÅN',0,0),
	(88,'FRACC','GRACIANO RICALDE CD. INDUSTRIAL','M√âRIDA','YUCAT√ÅN',0,0),
	(89,'FRACC','GRANJAS','M√âRIDA','YUCAT√ÅN',0,0),
	(90,'FRACC','HECTOR VICTORIA','M√âRIDA','YUCAT√ÅN',0,0),
	(91,'FRACC','ITZAES','M√âRIDA','YUCAT√ÅN',0,0),
	(92,'FRACC','ITZIMNA 108','M√âRIDA','YUCAT√ÅN',0,0),
	(93,'FRACC','J. PABLO II','M√âRIDA','YUCAT√ÅN',0,0),
	(94,'FRACC','J. PABLO II ALARIFES','M√âRIDA','YUCAT√ÅN',0,0),
	(95,'FRACC','J. PABLO II ALBORADA','M√âRIDA','YUCAT√ÅN',0,0),
	(96,'FRACC','J. PABLO II ARBOLEDA','M√âRIDA','YUCAT√ÅN',0,0),
	(97,'FRACC','J. PABLO II BRISAS DEL PONIENTE','M√âRIDA','YUCAT√ÅN',0,0),
	(98,'FRACC','J. PABLO II CANACO','M√âRIDA','YUCAT√ÅN',0,0),
	(99,'FRACC','J. PABLO II CANAIMES','M√âRIDA','YUCAT√ÅN',0,0),
	(100,'FRACC','J. PABLO II CARDENALES','M√âRIDA','YUCAT√ÅN',0,0),
	(101,'FRACC','J. PABLO II CIPRECES','M√âRIDA','YUCAT√ÅN',0,0),
	(102,'FRACC','J. PABLO II EL ENCUENTR','M√âRIDA','YUCAT√ÅN',0,0),
	(103,'FRACC','J. PABLO II F. CARRILLO','M√âRIDA','YUCAT√ÅN',0,0),
	(104,'FRACC','J. PABLO II GONZALO N.','M√âRIDA','YUCAT√ÅN',0,0),
	(105,'FRACC','J. PABLO II LAS FORES','M√âRIDA','YUCAT√ÅN',0,0),
	(106,'FRACC','J. PABLO II LIRIOS','M√âRIDA','YUCAT√ÅN',0,0),
	(107,'FRACC','J. PABLO II LOS ANGELES','M√âRIDA','YUCAT√ÅN',0,0),
	(108,'FRACC','J. PABLO II MAGISTERIO-','M√âRIDA','YUCAT√ÅN',0,0),
	(109,'FRACC','J. PABLO II MERIDA 2000','M√âRIDA','YUCAT√ÅN',0,0),
	(110,'FRACC','J. PABLO II NORA QUINTANA','M√âRIDA','YUCAT√ÅN',0,0),
	(111,'FRACC','J. PABLO II PASEO DE LO','M√âRIDA','YUCAT√ÅN',0,0),
	(112,'FRACC','J. PABLO II POLIGONO OP','M√âRIDA','YUCAT√ÅN',0,0),
	(113,'FRACC','J. PABLO II SAN J. BAUT','M√âRIDA','YUCAT√ÅN',0,0),
	(114,'FRACC','J. PABLO II SANTA CRUZ','M√âRIDA','YUCAT√ÅN',0,0),
	(115,'FRACC','J. PABLO II SEC.S.PEDRO','M√âRIDA','YUCAT√ÅN',0,0),
	(116,'FRACC','J. PABLO II STA FE','M√âRIDA','YUCAT√ÅN',0,0),
	(117,'FRACC','J. PABLO II SUBASTA','M√âRIDA','YUCAT√ÅN',0,0),
	(118,'FRACC','J. PABLO II TULIPANES','M√âRIDA','YUCAT√ÅN',0,0),
	(119,'FRACC','J. PABLO II VATICANO','M√âRIDA','YUCAT√ÅN',0,0),
	(120,'FRACC','JACINTO CANEK','M√âRIDA','YUCAT√ÅN',0,0),
	(121,'FRACC','JARDINES DE CHUBURNA','M√âRIDA','YUCAT√ÅN',0,0),
	(122,'FRACC','JARDINES DE LINDAVISTA','M√âRIDA','YUCAT√ÅN',0,0),
	(123,'FRACC','JARDINES DE MERIDA','M√âRIDA','YUCAT√ÅN',0,0),
	(124,'FRACC','JARDINES DE MULSAY','M√âRIDA','YUCAT√ÅN',0,0),
	(125,'FRACC','JARDINES DE PENSIONES','M√âRIDA','YUCAT√ÅN',0,0),
	(126,'FRACC','JARDINES DE VISTA ALEGRE','M√âRIDA','YUCAT√ÅN',0,0),
	(127,'FRACC','JARDINES DE YUCALPETEN','M√âRIDA','YUCAT√ÅN',0,0),
	(128,'FRACC','JARDINES DEL NORESTE','M√âRIDA','YUCAT√ÅN',0,0),
	(129,'FRACC','JARDINES DEL NORTE','M√âRIDA','YUCAT√ÅN',0,0),
	(130,'FRACC','JARDINES DEL PEDREGAL','M√âRIDA','YUCAT√ÅN',0,0),
	(131,'FRACC','JARDINES MIRAFLORES','M√âRIDA','YUCAT√ÅN',0,0),
	(132,'FRACC','JOSE MARIA ITURRALDE','M√âRIDA','YUCAT√ÅN',0,0),
	(133,'FRACC','KUKULCAN','M√âRIDA','YUCAT√ÅN',0,0),
	(134,'FRACC','LA FLORESTA','M√âRIDA','YUCAT√ÅN',0,0),
	(135,'FRACC','LA FLORIDA PINOS','M√âRIDA','YUCAT√ÅN',0,0),
	(136,'FRACC','LA HUERTA','M√âRIDA','YUCAT√ÅN',0,0),
	(137,'FRACC','LA NORIA','M√âRIDA','YUCAT√ÅN',0,0),
	(138,'FRACC','LAS AGUILAS (CHUBURNA)','M√âRIDA','YUCAT√ÅN',0,0),
	(139,'FRACC','LAS DALIAS I','M√âRIDA','YUCAT√ÅN',0,0),
	(140,'FRACC','LAS DALIAS II','M√âRIDA','YUCAT√ÅN',0,0),
	(141,'FRACC','LAS MARGARITAS','M√âRIDA','YUCAT√ÅN',0,0),
	(142,'FRACC','LAS PALMAS','M√âRIDA','YUCAT√ÅN',0,0),
	(143,'FRACC','LAS PALMERAS','M√âRIDA','YUCAT√ÅN',0,0),
	(144,'FRACC','LAS ROSAS','M√âRIDA','YUCAT√ÅN',0,0),
	(145,'FRACC','LAS VIGAS','M√âRIDA','YUCAT√ÅN',0,0),
	(146,'FRACC','LIBERTAD II','M√âRIDA','YUCAT√ÅN',0,0),
	(147,'FRACC','LIMONES','M√âRIDA','YUCAT√ÅN',0,0),
	(148,'FRACC','LINDAVISTA (CHENKU)','M√âRIDA','YUCAT√ÅN',0,0),
	(149,'FRACC','LINDAVISTA (OBRERA)','M√âRIDA','YUCAT√ÅN',0,0),
	(150,'FRACC','LIRIOS CHUBURNA','M√âRIDA','YUCAT√ÅN',0,0),
	(151,'FRACC','LOL-TUN','M√âRIDA','YUCAT√ÅN',0,0),
	(152,'FRACC','LOMA BONITA','M√âRIDA','YUCAT√ÅN',0,0),
	(153,'FRACC','LOMAS DEL SUR','M√âRIDA','YUCAT√ÅN',0,0),
	(154,'FRACC','LOS ALAMOS','M√âRIDA','YUCAT√ÅN',0,0),
	(155,'FRACC','LOS ALMENDROS','M√âRIDA','YUCAT√ÅN',0,0),
	(156,'FRACC','LOS REYES','M√âRIDA','YUCAT√ÅN',0,0),
	(157,'FRACC','LOURDES','M√âRIDA','YUCAT√ÅN',0,0),
	(158,'FRACC','LOURDES INDUSTRIAL','M√âRIDA','YUCAT√ÅN',0,0),
	(159,'FRACC','LUIS ECHEVERRIA','M√âRIDA','YUCAT√ÅN',0,0),
	(160,'FRACC','MACARENA','M√âRIDA','YUCAT√ÅN',0,0),
	(161,'FRACC','MADRID','M√âRIDA','YUCAT√ÅN',0,0),
	(162,'FRACC','MAGNOLIAS','M√âRIDA','YUCAT√ÅN',0,0),
	(163,'FRACC','MALAGA','M√âRIDA','YUCAT√ÅN',0,0),
	(164,'FRACC','MANOLA','M√âRIDA','YUCAT√ÅN',0,0),
	(165,'FRACC','MAYA','M√âRIDA','YUCAT√ÅN',0,0),
	(166,'FRACC','MISNE','M√âRIDA','YUCAT√ÅN',0,0),
	(167,'FRACC','MONTE ALBAN','M√âRIDA','YUCAT√ÅN',0,0),
	(168,'FRACC','MONTEBELLO','M√âRIDA','YUCAT√ÅN',0,0),
	(169,'FRACC','MONTECARLO','M√âRIDA','YUCAT√ÅN',0,0),
	(170,'FRACC','MONTECRISTO','M√âRIDA','YUCAT√ÅN',0,0),
	(171,'FRACC','MONTEJO','M√âRIDA','YUCAT√ÅN',0,0),
	(172,'FRACC','MONTERREAL','M√âRIDA','YUCAT√ÅN',0,0),
	(173,'FRACC','MORELOS ORIENTE','M√âRIDA','YUCAT√ÅN',0,0),
	(174,'FRACC','MULSAY','M√âRIDA','YUCAT√ÅN',0,0),
	(175,'FRACC','MULSAY BUENOS AIRES','M√âRIDA','YUCAT√ÅN',0,0),
	(176,'FRACC','MULSAY LAS QUINTAS','M√âRIDA','YUCAT√ÅN',0,0),
	(177,'FRACC','NORA QUINTANA','M√âRIDA','YUCAT√ÅN',0,0),
	(178,'FRACC','NUEVA ALEMAN','M√âRIDA','YUCAT√ÅN',0,0),
	(179,'FRACC','NUEVA HIDALGO','M√âRIDA','YUCAT√ÅN',0,0),
	(180,'FRACC','NUEVA OBRERA','M√âRIDA','YUCAT√ÅN',0,0),
	(181,'FRACC','NUEVO SAN JOSE','M√âRIDA','YUCAT√ÅN',0,0),
	(182,'FRACC','NUEVO YUCATAN','M√âRIDA','YUCAT√ÅN',0,0),
	(183,'FRACC','PACABTUN','M√âRIDA','YUCAT√ÅN',0,0),
	(184,'FRACC','PALMERAS III (OBRERA)','M√âRIDA','YUCAT√ÅN',0,0),
	(185,'FRACC','PASEO DE LAS FUENTES','M√âRIDA','YUCAT√ÅN',0,0),
	(186,'FRACC','PASEOS DE CHENKU','M√âRIDA','YUCAT√ÅN',0,0),
	(187,'COL','PRIV. TULIPANES','M√âRIDA','YUCAT√ÅN',0,0),
	(188,'FRACC','PASEOS DE VERGEL','M√âRIDA','YUCAT√ÅN',0,0),
	(189,'FRACC','PASEOS DEL VALLE','M√âRIDA','YUCAT√ÅN',0,0),
	(190,'FRACC','PEDREGALES DE LINDAVISTA','M√âRIDA','YUCAT√ÅN',0,0),
	(191,'FRACC','PEDREGALES DE TANLUM','M√âRIDA','YUCAT√ÅN',0,0),
	(192,'FRACC','PENSIONES','M√âRIDA','YUCAT√ÅN',0,0),
	(193,'FRACC','PINOS','M√âRIDA','YUCAT√ÅN',0,0),
	(194,'FRACC','PINOS DEL NORTE','M√âRIDA','YUCAT√ÅN',0,0),
	(195,'FRACC','PINZON II','M√âRIDA','YUCAT√ÅN',0,0),
	(196,'FRACC','PLAN DE AYALA NORTE','M√âRIDA','YUCAT√ÅN',0,0),
	(197,'FRACC','POLIG 134(CAMARA CONST)','M√âRIDA','YUCAT√ÅN',0,0),
	(198,'FRACC','POLIGONO 108','M√âRIDA','YUCAT√ÅN',0,0),
	(199,'FRACC','PRADO NORTE','M√âRIDA','YUCAT√ÅN',0,0),
	(200,'FRACC','PUESTA DEL SOL CHUBURNA','M√âRIDA','YUCAT√ÅN',0,0),
	(201,'FRACC','QUINCE DE MAYO','M√âRIDA','YUCAT√ÅN',0,0),
	(202,'FRACC','RESIDENCIAL LOS SAUCES','M√âRIDA','YUCAT√ÅN',0,0),
	(203,'FRACC','RESIDENCIAL PENSIONES','M√âRIDA','YUCAT√ÅN',0,0),
	(204,'FRACC','RINCONADA','M√âRIDA','YUCAT√ÅN',0,0),
	(205,'FRACC','ROMA','M√âRIDA','YUCAT√ÅN',0,0),
	(206,'FRACC','SAN ANGEL','M√âRIDA','YUCAT√ÅN',0,0),
	(207,'FRACC','SAN CARLOS DEL NORTE','M√âRIDA','YUCAT√ÅN',0,0),
	(208,'FRACC','SAN CARLOS DEL SUR','M√âRIDA','YUCAT√ÅN',0,0),
	(209,'FRACC','SAN DAMIANCITO','M√âRIDA','YUCAT√ÅN',0,0),
	(210,'FRACC','SAN ESTEBAN','M√âRIDA','YUCAT√ÅN',0,0),
	(211,'FRACC','SAN FRANCISCO CHUBURNA','M√âRIDA','YUCAT√ÅN',0,0),
	(212,'FRACC','SAN JORGE','M√âRIDA','YUCAT√ÅN',0,0),
	(213,'FRACC','SAN JOSE CAMPESTRE','M√âRIDA','YUCAT√ÅN',0,0),
	(214,'FRACC','SAN JOSE I','M√âRIDA','YUCAT√ÅN',0,0),
	(215,'FRACC','SAN JOSE II','M√âRIDA','YUCAT√ÅN',0,0),
	(216,'FRACC','SAN LORENZO','M√âRIDA','YUCAT√ÅN',0,0),
	(217,'FRACC','SAN LUIS','M√âRIDA','YUCAT√ÅN',0,0),
	(218,'FRACC','SAN MIGUEL','M√âRIDA','YUCAT√ÅN',0,0),
	(219,'FRACC','SAN NICOLAS DEL SUR','M√âRIDA','YUCAT√ÅN',0,0),
	(220,'FRACC','SAN PEDRO CHOLUL','M√âRIDA','YUCAT√ÅN',0,0),
	(221,'FRACC','SERAPIO RENDON','M√âRIDA','YUCAT√ÅN',0,0),
	(222,'FRACC','SOL CAMPESTRE','M√âRIDA','YUCAT√ÅN',0,0),
	(223,'FRACC','TECNOLOGICO','M√âRIDA','YUCAT√ÅN',0,0),
	(224,'FRACC','TERRANOVA','M√âRIDA','YUCAT√ÅN',0,0),
	(225,'FRACC','TIXCACAL OPICHEN','M√âRIDA','YUCAT√ÅN',0,0),
	(226,'FRACC','TIXCACAL VILLA MAGNA','M√âRIDA','YUCAT√ÅN',0,0),
	(227,'FRACC','TRAVA QUINTERO','M√âRIDA','YUCAT√ÅN',0,0),
	(228,'FRACC','TULIA CHUBURNA','M√âRIDA','YUCAT√ÅN',0,0),
	(229,'FRACC','TULIPANES CHUBURNA','M√âRIDA','YUCAT√ÅN',0,0),
	(230,'FRACC','UNIDAD MORELOS','M√âRIDA','YUCAT√ÅN',0,0),
	(231,'FRACC','VACA FELIZ','M√âRIDA','YUCAT√ÅN',0,0),
	(232,'FRACC','VERGEL 65','M√âRIDA','YUCAT√ÅN',0,0),
	(233,'FRACC','VERGEL I','M√âRIDA','YUCAT√ÅN',0,0),
	(234,'FRACC','VERGEL II','M√âRIDA','YUCAT√ÅN',0,0),
	(235,'FRACC','VERGEL III','M√âRIDA','YUCAT√ÅN',0,0),
	(236,'FRACC','VERGEL IV (FLORES MAGON','M√âRIDA','YUCAT√ÅN',0,0),
	(237,'FRACC','VERGEL V (FLORES MAGON)','M√âRIDA','YUCAT√ÅN',0,0),
	(238,'FRACC','VERGEL VI (FLORES MAGON','M√âRIDA','YUCAT√ÅN',0,0),
	(239,'FRACC','VILLA DORADA','M√âRIDA','YUCAT√ÅN',0,0),
	(240,'FRACC','VILLA ITZIMNA','M√âRIDA','YUCAT√ÅN',0,0),
	(241,'FRACC','VILLAS CHUBURNA','M√âRIDA','YUCAT√ÅN',0,0),
	(242,'FRACC','VILLAS DE VERGEL','M√âRIDA','YUCAT√ÅN',0,0),
	(243,'FRACC','VILLAS DEL BOSQUE','M√âRIDA','YUCAT√ÅN',0,0),
	(244,'FRACC','VILLAS DEL PRADO','M√âRIDA','YUCAT√ÅN',0,0),
	(245,'FRACC','VILLAS DEL REY','M√âRIDA','YUCAT√ÅN',0,0),
	(246,'FRACC','VILLAS DEL SOL','M√âRIDA','YUCAT√ÅN',0,0),
	(247,'FRACC','VILLAS HACIENDA','M√âRIDA','YUCAT√ÅN',0,0),
	(248,'FRACC','VILLAS LA CARMITA','M√âRIDA','YUCAT√ÅN',0,0),
	(249,'FRACC','VILLAS MERIDA','M√âRIDA','YUCAT√ÅN',0,0),
	(250,'FRACC','VILLAS PALMA REAL','M√âRIDA','YUCAT√ÅN',0,0),
	(251,'FRACC','VILLAS YUCALPETEN','M√âRIDA','YUCAT√ÅN',0,0),
	(252,'FRACC','VISTA ALEGRE','M√âRIDA','YUCAT√ÅN',0,0),
	(253,'FRACC','VISTA ALEGRE NORTE','M√âRIDA','YUCAT√ÅN',0,0),
	(254,'FRACC','WALLIS','M√âRIDA','YUCAT√ÅN',0,0),
	(255,'FRACC','X COM','M√âRIDA','YUCAT√ÅN',0,0),
	(256,'FRACC','XCUMPICH','M√âRIDA','YUCAT√ÅN',0,0),
	(257,'FRACC','YUCALPETEN','M√âRIDA','YUCAT√ÅN',0,0),
	(258,'FRACC','ZAZIL HA','M√âRIDA','YUCAT√ÅN',0,0),
	(259,'FRACC','ZONA DORADA','M√âRIDA','YUCAT√ÅN',0,0),
	(260,'COL','FRANCISCO I. MADERO','M√âRIDA','YUCAT√ÅN',0,0),
	(261,'COL','FRANCISCO VILLA ORIENTE','M√âRIDA','YUCAT√ÅN',0,0),
	(262,'COL','FRANCISCO VILLA PONIENTE','M√âRIDA','YUCAT√ÅN',0,0),
	(263,'COL','GARCIA GINERES','M√âRIDA','YUCAT√ÅN',0,0),
	(264,'COL','GONZALO GUERRERO','M√âRIDA','YUCAT√ÅN',0,0),
	(265,'COL','HIDRAULICA','M√âRIDA','YUCAT√ÅN',0,0),
	(266,'COL','INALAMBRICA','M√âRIDA','YUCAT√ÅN',0,0),
	(267,'COL','INDUSTRIAL','M√âRIDA','YUCAT√ÅN',0,0),
	(268,'COL','ITZIMNA','M√âRIDA','YUCAT√ÅN',0,0),
	(269,'COL','JESUS CARRANZA','M√âRIDA','YUCAT√ÅN',0,0),
	(270,'COL','JOSE MARIA PINO SUAREZ','M√âRIDA','YUCAT√ÅN',0,0),
	(271,'COL','JUAN B. SOSA','M√âRIDA','YUCAT√ÅN',0,0),
	(272,'COL','LAZARO CARDENAS','M√âRIDA','YUCAT√ÅN',0,0),
	(273,'COL','LEANDRO VALLE','M√âRIDA','YUCAT√ÅN',0,0),
	(274,'COL','LEONA VICARIO','M√âRIDA','YUCAT√ÅN',0,0),
	(275,'COL','LOPEZ MATEOS','M√âRIDA','YUCAT√ÅN',0,0),
	(276,'COL','LOS REYES','M√âRIDA','YUCAT√ÅN',0,0),
	(277,'COL','MANUEL CRESCENCIO REJON','M√âRIDA','YUCAT√ÅN',0,0),
	(278,'COL','MARIA LUISA','M√âRIDA','YUCAT√ÅN',0,0),
	(279,'COL','MAXIMO ANCONA','M√âRIDA','YUCAT√ÅN',0,0),
	(280,'COL','MAYA','M√âRIDA','YUCAT√ÅN',0,0),
	(281,'COL','MAYAPAN','M√âRIDA','YUCAT√ÅN',0,0),
	(282,'COL','MELCHOR OCAMPO I','M√âRIDA','YUCAT√ÅN',0,0),
	(283,'COL','MELCHOR OCAMPO II','M√âRIDA','YUCAT√ÅN',0,0),
	(284,'COL','MELITON SALAZAR','M√âRIDA','YUCAT√ÅN',0,0),
	(285,'COL','MERCEDES BARRERA','M√âRIDA','YUCAT√ÅN',0,0),
	(286,'COL','MERIDA CHUBURNA','M√âRIDA','YUCAT√ÅN',0,0),
	(287,'COL','MEXICO','M√âRIDA','YUCAT√ÅN',0,0),
	(288,'COL','MEXICO NORTE','M√âRIDA','YUCAT√ÅN',0,0),
	(289,'COL','MEXICO ORIENTE','M√âRIDA','YUCAT√ÅN',0,0),
	(290,'COL','MIGUEL ALEMAN','M√âRIDA','YUCAT√ÅN',0,0),
	(291,'COL','MIGUEL HIDALGO','M√âRIDA','YUCAT√ÅN',0,0),
	(292,'COL','MIRAFLORES','M√âRIDA','YUCAT√ÅN',0,0),
	(293,'COL','MONTES DE AME','M√âRIDA','YUCAT√ÅN',0,0),
	(294,'COL','MONTEVIDEO','M√âRIDA','YUCAT√ÅN',0,0),
	(295,'COL','MORELOS ORIENTE','M√âRIDA','YUCAT√ÅN',0,0),
	(296,'COL','MULCHECHEN','M√âRIDA','YUCAT√ÅN',0,0),
	(297,'COL','MULCHECHEN II','M√âRIDA','YUCAT√ÅN',0,0),
	(298,'COL','MULCHECHEN III','M√âRIDA','YUCAT√ÅN',0,0),
	(299,'COL','MULSAY','M√âRIDA','YUCAT√ÅN',0,0),
	(300,'COL','MULTUNKU II','M√âRIDA','YUCAT√ÅN',0,0),
	(301,'COL','NUCLEO MULSAY','M√âRIDA','YUCAT√ÅN',0,0),
	(302,'COL','NUEVA CHICHEN ITZA','M√âRIDA','YUCAT√ÅN',0,0),
	(303,'COL','NUEVA KUKULCAN','M√âRIDA','YUCAT√ÅN',0,0),
	(304,'COL','NUEVA MULSAY','M√âRIDA','YUCAT√ÅN',0,0),
	(305,'COL','NUEVA PACABTUN','M√âRIDA','YUCAT√ÅN',0,0),
	(306,'COL','NUEVA REFORMA AGRARIA','M√âRIDA','YUCAT√ÅN',0,0),
	(307,'COL','NUEVA RENACIMIENTO','M√âRIDA','YUCAT√ÅN',0,0),
	(308,'COL','NUEVA SAMBULA','M√âRIDA','YUCAT√ÅN',0,0),
	(309,'COL','NUEVA SAN JOSE TECOH','M√âRIDA','YUCAT√ÅN',0,0),
	(310,'COL','NUEVA SANTA ISABEL','M√âRIDA','YUCAT√ÅN',0,0),
	(311,'COL','OBRERA','M√âRIDA','YUCAT√ÅN',0,0),
	(312,'COL','PASEO DE LAS CARMELITAS XOCLAN','M√âRIDA','YUCAT√ÅN',0,0),
	(313,'COL','PASEO DEL CONQUISTADOR','M√âRIDA','YUCAT√ÅN',0,0),
	(314,'COL','PASEO MONTEJO','M√âRIDA','YUCAT√ÅN',0,0),
	(315,'COL','PETCANCHE','M√âRIDA','YUCAT√ÅN',0,0),
	(316,'COL','PLAN DE AYALA SUR','M√âRIDA','YUCAT√ÅN',0,0),
	(317,'COL','PORVENIR','M√âRIDA','YUCAT√ÅN',0,0),
	(318,'COL','PRIV. BRISAS','M√âRIDA','YUCAT√ÅN',0,0),
	(319,'COL','PRIV. CALLEJONES','M√âRIDA','YUCAT√ÅN',0,0),
	(320,'COL','PRIV. CAMPESTRE','M√âRIDA','YUCAT√ÅN',0,0),
	(321,'COL','PRIV. CASABLANCA','M√âRIDA','YUCAT√ÅN',0,0),
	(322,'COL','PRIV. CHUBURNA PLUS','M√âRIDA','YUCAT√ÅN',0,0),
	(323,'COL','PRIV. DEL BOSQUE','M√âRIDA','YUCAT√ÅN',0,0),
	(324,'COL','PRIV. DEL CARMEN','M√âRIDA','YUCAT√ÅN',0,0),
	(325,'COL','PRIV. EL CAMPANARIO','M√âRIDA','YUCAT√ÅN',0,0),
	(326,'COL','PRIV. EL CORTIJO','M√âRIDA','YUCAT√ÅN',0,0),
	(327,'COL','PRIV. EL PARAISO','M√âRIDA','YUCAT√ÅN',0,0),
	(328,'COL','PRIV. HDA. REAL II CHUBURNA','M√âRIDA','YUCAT√ÅN',0,0),
	(329,'COL','PRIV. LAS CASITAS','M√âRIDA','YUCAT√ÅN',0,0),
	(330,'COL','PRIV. LAS FLORES','M√âRIDA','YUCAT√ÅN',0,0),
	(331,'COL','PRIV. LAS HADAS','M√âRIDA','YUCAT√ÅN',0,0),
	(332,'COL','PRIV. LAS PALMAS','M√âRIDA','YUCAT√ÅN',0,0),
	(333,'COL','PRIV. LAS PALMERAS II','M√âRIDA','YUCAT√ÅN',0,0),
	(334,'COL','PRIV. LAS QUINTAS','M√âRIDA','YUCAT√ÅN',0,0),
	(335,'COL','PRIV. MALAGA','M√âRIDA','YUCAT√ÅN',0,0),
	(336,'COL','PRIV. MONTEJO','M√âRIDA','YUCAT√ÅN',0,0),
	(337,'COL','PRIV. RESIDENCIAL LAS QUINTAS','M√âRIDA','YUCAT√ÅN',0,0),
	(338,'COL','PRIV. RESIDENCIAL PEDREGAL','M√âRIDA','YUCAT√ÅN',0,0),
	(339,'COL','PRIV. SAN GERONIMO CHUBURNA','M√âRIDA','YUCAT√ÅN',0,0),
	(340,'COL','PRIV. SAN JORGE','M√âRIDA','YUCAT√ÅN',0,0),
	(341,'COL','PRIV. TABACHINES','M√âRIDA','YUCAT√ÅN',0,0),
	(342,'FRACC','PRIV. TURQUESA','M√âRIDA','YUCAT√ÅN',0,0),
	(343,'COL','PROLONG. MONTEJO','M√âRIDA','YUCAT√ÅN',0,0),
	(344,'COL','RICARDO FLORES MAGON','M√âRIDA','YUCAT√ÅN',0,0),
	(345,'COL','ROMA','M√âRIDA','YUCAT√ÅN',0,0),
	(346,'COL','SALVADOR ALVARADO OTE','M√âRIDA','YUCAT√ÅN',0,0),
	(347,'COL','SALVADOR ALVARADO SUR','M√âRIDA','YUCAT√ÅN',0,0),
	(348,'COL','SAMBULA','M√âRIDA','YUCAT√ÅN',0,0),
	(349,'COL','SAN ANTONIO CINTA','M√âRIDA','YUCAT√ÅN',0,0),
	(350,'COL','SAN ANTONIO CUCUL','M√âRIDA','YUCAT√ÅN',0,0),
	(351,'COL','SAN ANTONIO KAUA','M√âRIDA','YUCAT√ÅN',0,0),
	(352,'COL','SAN ANTONIO KAUA II','M√âRIDA','YUCAT√ÅN',0,0),
	(353,'COL','SAN ANTONIO KAUA III','M√âRIDA','YUCAT√ÅN',0,0),
	(354,'COL','SAN ANTONIO KAUA IV','M√âRIDA','YUCAT√ÅN',0,0),
	(355,'COL','SAN ANTONIO XLUCH','M√âRIDA','YUCAT√ÅN',0,0),
	(356,'COL','SAN ARTURO XLUCH','M√âRIDA','YUCAT√ÅN',0,0),
	(357,'COL','SAN CAMILO','M√âRIDA','YUCAT√ÅN',0,0),
	(358,'COL','SAN DAMIAN','M√âRIDA','YUCAT√ÅN',0,0),
	(359,'COL','SAN FCO. EL PORVENIR','M√âRIDA','YUCAT√ÅN',0,0),
	(360,'COL','SAN HAROLDO','M√âRIDA','YUCAT√ÅN',0,0),
	(361,'COL','SAN JOSE','M√âRIDA','YUCAT√ÅN',0,0),
	(362,'COL','SAN JOSE TECOH','M√âRIDA','YUCAT√ÅN',0,0),
	(363,'COL','SAN JOSE TECOH II','M√âRIDA','YUCAT√ÅN',0,0),
	(364,'COL','SAN JOSE VERGEL','M√âRIDA','YUCAT√ÅN',0,0),
	(365,'COL','SAN JUAN GRANDE','M√âRIDA','YUCAT√ÅN',0,0),
	(366,'COL','SAN JUAN SUSULA','M√âRIDA','YUCAT√ÅN',0,0),
	(367,'COL','SAN LUIS','M√âRIDA','YUCAT√ÅN',0,0),
	(368,'COL','SAN MARCOS NOCOH','M√âRIDA','YUCAT√ÅN',0,0),
	(369,'COL','SAN NICOLAS','M√âRIDA','YUCAT√ÅN',0,0),
	(370,'COL','SAN PABLO KAUA','M√âRIDA','YUCAT√ÅN',0,0),
	(371,'COL','SAN PABLO ORIENTE','M√âRIDA','YUCAT√ÅN',0,0),
	(372,'COL','SAN PABLO UXMAL','M√âRIDA','YUCAT√ÅN',0,0),
	(373,'COL','SAN PEDRO NOPATH','M√âRIDA','YUCAT√ÅN',0,0),
	(374,'COL','SAN PEDRO UXMAL','M√âRIDA','YUCAT√ÅN',0,0),
	(375,'COL','SAN RAMON NORTE','M√âRIDA','YUCAT√ÅN',0,0),
	(376,'COL','SAN RAMON SUR','M√âRIDA','YUCAT√ÅN',0,0),
	(377,'COL','SAN TECOH ALBORADA','M√âRIDA','YUCAT√ÅN',0,0),
	(378,'COL','SAN VICENTE','M√âRIDA','YUCAT√ÅN',0,0),
	(379,'COL','SANTA ISABEL','M√âRIDA','YUCAT√ÅN',0,0),
	(380,'COL','SANTA ROSA','M√âRIDA','YUCAT√ÅN',0,0),
	(381,'COL','SARMIENTO','M√âRIDA','YUCAT√ÅN',0,0),
	(382,'COL','STA. MARIA DE CHUBURNA','M√âRIDA','YUCAT√ÅN',0,0),
	(383,'COL','TANLUM','M√âRIDA','YUCAT√ÅN',0,0),
	(384,'COL','VENUSTIANO CARRANZA','M√âRIDA','YUCAT√ÅN',0,0),
	(385,'COL','VICENTE GUERRERO','M√âRIDA','YUCAT√ÅN',0,0),
	(386,'COL','VICENTE SOLIS','M√âRIDA','YUCAT√ÅN',0,0),
	(387,'COL','VICTOR CERVERA','M√âRIDA','YUCAT√ÅN',0,0),
	(388,'COL','XELPAK','M√âRIDA','YUCAT√ÅN',0,0),
	(389,'COL','XOCLAN','M√âRIDA','YUCAT√ÅN',0,0),
	(390,'COL','XOCLAN BECH','M√âRIDA','YUCAT√ÅN',0,0),
	(391,'COL','XOCLAN CANTO','M√âRIDA','YUCAT√ÅN',0,0),
	(392,'COL','XOCLAN CARMELITAS','M√âRIDA','YUCAT√ÅN',0,0),
	(393,'COL','XOCLAN CINTURON VERDE','M√âRIDA','YUCAT√ÅN',0,0),
	(394,'COL','XOCLAN GUADALUPE','M√âRIDA','YUCAT√ÅN',0,0),
	(395,'COL','XOCLAN HUAYABITA','M√âRIDA','YUCAT√ÅN',0,0),
	(396,'COL','XOCLAN LOPEZ PORTILLO','M√âRIDA','YUCAT√ÅN',0,0),
	(397,'COL','XOCLAN MULSAY','M√âRIDA','YUCAT√ÅN',0,0),
	(398,'COL','XOCLAN REJAS','M√âRIDA','YUCAT√ÅN',0,0),
	(399,'COL','XOCLAN SAN MANUEL','M√âRIDA','YUCAT√ÅN',0,0),
	(400,'COL','XOCLAN SANTOS','M√âRIDA','YUCAT√ÅN',0,0),
	(401,'COL','XOCLAN SUSULA','M√âRIDA','YUCAT√ÅN',0,0),
	(402,'COL','YUCATAN','M√âRIDA','YUCAT√ÅN',0,0),
	(403,'COL','SAN LUIS (CHENKU)','M√âRIDA','YUCAT√ÅN',0,0),
	(404,'COL','SANTA INES (GRANJAS)','M√âRIDA','YUCAT√ÅN',0,0),
	(405,'COL','VALLE DORADO','M√âRIDA','YUCAT√ÅN',0,0),
	(406,'FRACC','AMPLIACION PINOS NORTE','M√âRIDA','YUCAT√ÅN',0,0),
	(407,'COL','PRIVADA FLORIDA NORTE','M√âRIDA','YUCAT√ÅN',0,0),
	(408,'COL','RINCONADA HACIENDA PONIENTE','M√âRIDA','YUCAT√ÅN',0,0),
	(409,'FRACC','SACNICTE','M√âRIDA','YUCAT√ÅN',0,0),
	(410,'FRACC','XAMAN KAB','M√âRIDA','YUCAT√ÅN',0,0),
	(411,'COL','PRIV. LOS CANARIOS','M√âRIDA','YUCAT√ÅN',0,0),
	(412,'FRACC','VILLA MAGNA DEL SUR','M√âRIDA','YUCAT√ÅN',0,0),
	(413,'COL','SAN LUIS SUR','M√âRIDA','YUCAT√ÅN',0,0),
	(414,'COL','GUADALUPANA','M√âRIDA','YUCAT√ÅN',0,0),
	(415,'FRACC','RESIDENCIAL MONTEJO','M√âRIDA','YUCAT√ÅN',0,0),
	(416,'FRACC','RESIDENCIAL SAN ANTONIO','M√âRIDA','YUCAT√ÅN',0,0),
	(417,'FRACC','VILLA MAGNA II','M√âRIDA','YUCAT√ÅN',0,0),
	(418,'FRACC','REAL DEL SOL','M√âRIDA','YUCAT√ÅN',0,0),
	(419,'COL','PRIVADA REAL CAMPESTRE','M√âRIDA','YUCAT√ÅN',0,0),
	(420,'FRACC','LAS AMERICAS DE MERIDA','M√âRIDA','YUCAT√ÅN',0,0),
	(421,'FRACC','VILLA MAYA REAL','M√âRIDA','YUCAT√ÅN',0,0),
	(422,'FRACC','VEGA DE VERGEL','M√âRIDA','YUCAT√ÅN',0,0),
	(423,'FRACC','VILLAS JUAN PABLO','M√âRIDA','YUCAT√ÅN',0,0),
	(424,'FRACC','LAS 7 VILLAS','M√âRIDA','YUCAT√ÅN',0,0),
	(425,'FRACC','REAL GRANJAS','M√âRIDA','YUCAT√ÅN',0,0),
	(426,'FRACC','RETORNO OPICHEN','M√âRIDA','YUCAT√ÅN',0,0),
	(427,'FRACC','REPARTO GRANJAS','M√âRIDA','YUCAT√ÅN',0,0),
	(428,'FRACC','CHUBURNA CAIMITO','M√âRIDA','YUCAT√ÅN',0,0),
	(429,'FRACC','PEDREGALES DE CIRCUITO','M√âRIDA','YUCAT√ÅN',0,0),
	(430,'FRACC','RESIDENCIAL DEL NORTE','M√âRIDA','YUCAT√ÅN',0,0),
	(431,'FRACC','SAN JOSE CHUBURNA','M√âRIDA','YUCAT√ÅN',0,0),
	(432,'FRACC','VILLAS DE MULCHECHEN','M√âRIDA','YUCAT√ÅN',0,0),
	(433,'COL','PRIV. MARGARITA II','M√âRIDA','YUCAT√ÅN',0,0),
	(434,'FRACC','EL SAUCE I','M√âRIDA','YUCAT√ÅN',0,0),
	(435,'COL','HACIENDA MULSAY','M√âRIDA','YUCAT√ÅN',0,0),
	(436,'COL','BOSQUES DEL PONIENTE','M√âRIDA','YUCAT√ÅN',0,0),
	(437,'FRACC','PARAISO I','M√âRIDA','YUCAT√ÅN',0,0),
	(438,'FRACC','PARAISO II','M√âRIDA','YUCAT√ÅN',0,0),
	(439,'FRACC','TULIPANES II','M√âRIDA','YUCAT√ÅN',0,0),
	(440,'COL','PRIV. GRANJAS CAMPESTRE','M√âRIDA','YUCAT√ÅN',0,0),
	(441,'FRACC','SAN JOSE OBRERO','M√âRIDA','YUCAT√ÅN',0,0),
	(442,'FRACC','RESIDENCIAL SAN ANGELO','M√âRIDA','YUCAT√ÅN',0,0),
	(443,'FRACC','PARAISO MAYA','M√âRIDA','YUCAT√ÅN',0,0),
	(444,'FRACC','PASEOS DE PENSIONES','M√âRIDA','YUCAT√ÅN',0,0),
	(445,'FRACC','LOMA BONITA OBRERA','M√âRIDA','YUCAT√ÅN',0,0),
	(446,'FRACC','SAN PEDRO','M√âRIDA','YUCAT√ÅN',0,0),
	(447,'COL','AMPLIACION TIXCACAL OPICHEN','M√âRIDA','YUCAT√ÅN',0,0),
	(448,'FRACC','PASEO DE CHENKU','M√âRIDA','YUCAT√ÅN',0,0),
	(449,'COL','SAN ANTONIO XLUCH Y NOCOH','M√âRIDA','YUCAT√ÅN',0,0),
	(450,'COL','HACIENDA CHENKU','M√âRIDA','YUCAT√ÅN',0,0),
	(451,'COL','PRIV. VILLAFLORES','M√âRIDA','YUCAT√ÅN',0,0),
	(452,'FRACC','SAUCES V','M√âRIDA','YUCAT√ÅN',0,0),
	(453,'FRACC','LAS HACIENDAS','M√âRIDA','YUCAT√ÅN',0,0),
	(454,'COL','PRIV. LOS GIRASOLES','M√âRIDA','YUCAT√ÅN',0,0),
	(455,'FRACC','RENACIMIENTO','M√âRIDA','YUCAT√ÅN',0,0),
	(456,'FRACC','EL VERGEL','M√âRIDA','YUCAT√ÅN',0,0),
	(457,'COL','PRIV. LOMAS CAMPESTRE','M√âRIDA','YUCAT√ÅN',0,0),
	(458,'FRACC','HACIENDA TIXCACAL','M√âRIDA','YUCAT√ÅN',0,0),
	(459,'FRACC','RESIDENCIAL DEL ARCO','M√âRIDA','YUCAT√ÅN',0,0),
	(460,'COL','PRIVADA DEL SOL OPICHEN','M√âRIDA','YUCAT√ÅN',0,0),
	(461,'COL','AMAPOLA','M√âRIDA','YUCAT√ÅN',0,0),
	(462,'FRACC','ANTONIA JIMENEZ TRAVA','M√âRIDA','YUCAT√ÅN',0,0),
	(463,'COL','PARQUE INDUSTRIAL YUCATAN','M√âRIDA','YUCAT√ÅN',0,0),
	(464,'FRACC','PRADO DE CHUBURNA','M√âRIDA','YUCAT√ÅN',0,0),
	(465,'FRACC','STA. MARIA DE GUADALUPE','M√âRIDA','YUCAT√ÅN',0,0),
	(466,'FRACC','VILLA FONTANA','M√âRIDA','YUCAT√ÅN',0,0),
	(467,'FRACC','VILLAREAL','M√âRIDA','YUCAT√ÅN',0,0),
	(468,'FRACC','WASPA','M√âRIDA','YUCAT√ÅN',0,0),
	(469,'FRACC','XAMAN TAN','M√âRIDA','YUCAT√ÅN',0,0),
	(470,'FRACC','FUENTE DORADA','M√âRIDA','YUCAT√ÅN',0,0),
	(471,'FRACC','SANTA CECILIA','M√âRIDA','YUCAT√ÅN',0,0),
	(472,'FRACC','HACIENDA SAN ANTONIO','M√âRIDA','YUCAT√ÅN',0,0),
	(473,'FRACC','JARDINES DE NUEVA MULSAY','M√âRIDA','YUCAT√ÅN',0,0),
	(474,'FRACC','LOL BE','M√âRIDA','YUCAT√ÅN',0,0),
	(475,'FRACC','MANZANA 115','M√âRIDA','YUCAT√ÅN',0,0),
	(476,'FRACC','MISNEBALAM','M√âRIDA','YUCAT√ÅN',0,0),
	(477,'COL','MULSAY MAGDALENA Y LIBERTAD','M√âRIDA','YUCAT√ÅN',0,0),
	(478,'FRACC','RESIDENCIAL CAMARA DE COMERCIO','M√âRIDA','YUCAT√ÅN',0,0),
	(479,'COL','SAN JOSE KUCHE','M√âRIDA','YUCAT√ÅN',0,0),
	(480,'COL','CIRCUITO COLONIAS','M√âRIDA','YUCAT√ÅN',0,0),
	(481,'FRACC','UNIDAD HABITACIONAL CTM','M√âRIDA','YUCAT√ÅN',0,0),
	(482,'FRACC','SAN ANTONIO ZODZIL','M√âRIDA','YUCAT√ÅN',0,0),
	(483,'FRACC','RESIDENCIAL MONTECRISTO','M√âRIDA','YUCAT√ÅN',0,0),
	(484,'FRACC','UNIDAD HABITACIONAL MUL','M√âRIDA','YUCAT√ÅN',0,0),
	(485,'COL','MULSAY DE LA MAGDALENA','M√âRIDA','YUCAT√ÅN',0,0),
	(486,'FRACC','RESIDENCIAL LOS PINOS','M√âRIDA','YUCAT√ÅN',0,0),
	(487,'COL','SANTA MARIA CHI','M√âRIDA','YUCAT√ÅN',0,0),
	(488,'FRACC','BRISAS DE SAN JOSE','M√âRIDA','YUCAT√ÅN',0,0),
	(489,'FRACC','HACIENDA INN','M√âRIDA','YUCAT√ÅN',0,0),
	(490,'COL','EL CEDRO','M√âRIDA','YUCAT√ÅN',0,0),
	(491,'COL','TAMARINDO','M√âRIDA','YUCAT√ÅN',0,0),
	(492,'COL','SAN JUAN BAUTISTA','M√âRIDA','YUCAT√ÅN',0,0),
	(493,'FRACC','VILLAS DEL SUR','M√âRIDA','YUCAT√ÅN',0,0),
	(494,'FRACC','PASEOS DE OPICHEN','M√âRIDA','YUCAT√ÅN',0,0),
	(495,'FRACC','QUINTA REAL (ALTABRISA)','M√âRIDA','YUCAT√ÅN',0,0),
	(496,'COL','PRIVADA CURAL (SAN FELIPE)','M√âRIDA','YUCAT√ÅN',0,0),
	(497,'COL','PRIVADA DE OPICHEN','M√âRIDA','YUCAT√ÅN',0,0),
	(498,'FRACC','VILLAS DE OPICHEN','M√âRIDA','YUCAT√ÅN',0,0),
	(499,'FRACC','TERRANOVA XXI','M√âRIDA','YUCAT√ÅN',0,0),
	(500,'COL','VILLAS TIXCACAL','M√âRIDA','YUCAT√ÅN',0,0),
	(501,'FRACC','EL SAUCE II','M√âRIDA','YUCAT√ÅN',0,0),
	(502,'COL','AMPLIACION MIRAFLORES','M√âRIDA','YUCAT√ÅN',0,0),
	(503,'COL','SUSULA XOCLAN','M√âRIDA','YUCAT√ÅN',0,0),
	(504,'FRACC','EL ENCINO','M√âRIDA','YUCAT√ÅN',0,0),
	(505,'FRACC','ALTABRISA','M√âRIDA','YUCAT√ÅN',0,0),
	(506,'FRACC','VILLAS EL DORADO','M√âRIDA','YUCAT√ÅN',0,0),
	(507,'FRACC','ROYAL MONTEBELLO','M√âRIDA','YUCAT√ÅN',0,0),
	(508,'FRACC','HENEQUENES','M√âRIDA','YUCAT√ÅN',0,0),
	(509,'COL','PRIV. PALMAS CAMPESTRE','M√âRIDA','YUCAT√ÅN',0,0),
	(510,'FRACC','CAMINO DEL SOL','M√âRIDA','YUCAT√ÅN',0,0),
	(511,'FRACC','LA CASTELLANA','M√âRIDA','YUCAT√ÅN',0,0),
	(512,'COL','PRIV. COCOYOLES','M√âRIDA','YUCAT√ÅN',0,0),
	(513,'FRACC','EL CONVENTO','M√âRIDA','YUCAT√ÅN',0,0),
	(514,'FRACC','REAL MONTEJO','M√âRIDA','YUCAT√ÅN',0,0),
	(515,'FRACC','JARDINES DEL SUR','M√âRIDA','YUCAT√ÅN',0,0),
	(516,'FRACC','HORIZONTES DE CAUCEL','M√âRIDA','YUCAT√ÅN',0,0),
	(517,'FRACC','SOL CAUCEL','M√âRIDA','YUCAT√ÅN',0,0),
	(518,'FRACC','VILLAS CUAUHTEMOC','M√âRIDA','YUCAT√ÅN',0,0),
	(519,'FRACC','SAN RAMON','M√âRIDA','YUCAT√ÅN',0,0),
	(520,'FRACC','RINCONADA CIUDAD CAUCEL','M√âRIDA','YUCAT√ÅN',0,0),
	(521,'COL','SODZIL NORTE','M√âRIDA','YUCAT√ÅN',0,0),
	(522,'FRACC','LA ARBOLEDA CAUCEL','M√âRIDA','YUCAT√ÅN',0,0),
	(523,'FRACC','REAL DE PINOS','M√âRIDA','YUCAT√ÅN',0,0),
	(524,'FRACC','LA HERRADURA','M√âRIDA','YUCAT√ÅN',0,0),
	(525,'FRACC','ALAMOS DEL SUR','M√âRIDA','YUCAT√ÅN',0,0),
	(526,'FRACC','JARDINES DE CAUCEL','M√âRIDA','YUCAT√ÅN',0,0),
	(527,'FRACC','MONTECARLO (MULCHECHEN)','M√âRIDA','YUCAT√ÅN',0,0),
	(528,'FRACC','CIPRECES CHUBURNA','M√âRIDA','YUCAT√ÅN',0,0),
	(529,'FRACC','VERGEL','M√âRIDA','YUCAT√ÅN',0,0),
	(530,'FRACC','PRIVADA 40A','M√âRIDA','YUCAT√ÅN',0,0),
	(531,'FRACC','VILLAS DE CAUCEL','M√âRIDA','YUCAT√ÅN',0,0),
	(532,'COL','AMPLIACION NUEVA MULSAY','M√âRIDA','YUCAT√ÅN',0,0),
	(533,'FRACC','LOS BALCONES DE CAUCEL','M√âRIDA','YUCAT√ÅN',0,0),
	(534,'FRACC','LA FLORIDA','M√âRIDA','YUCAT√ÅN',0,0),
	(535,'FRACC','PRIVADA PALMA COROZAL','M√âRIDA','YUCAT√ÅN',0,0),
	(536,'FRACC','LOS SAUCES','M√âRIDA','YUCAT√ÅN',0,0),
	(537,'FRACC','LA HACIENDA','M√âRIDA','YUCAT√ÅN',0,0),
	(538,'COL','XCUMPICH','M√âRIDA','YUCAT√ÅN',0,0),
	(539,'COL','REFORMA AGRARIA','M√âRIDA','YUCAT√ÅN',0,0),
	(540,'FRACC','HENEQUENES V','M√âRIDA','YUCAT√ÅN',0,0),
	(541,'COL','CAUCEL','M√âRIDA','YUCAT√ÅN',0,0),
	(542,'FRACC','LOS CEDROS I','M√âRIDA','YUCAT√ÅN',0,0),
	(543,'FRACC','LAS PERGOLAS','M√âRIDA','YUCAT√ÅN',0,0),
	(544,'FRACC','ALVARO TORRES DIAZ','M√âRIDA','YUCAT√ÅN',0,0),
	(545,'FRACC','LOS ALMENDROS CHUBURNA','M√âRIDA','YUCAT√ÅN',0,0),
	(546,'COL','HECTOR VICTORIA','M√âRIDA','YUCAT√ÅN',0,0),
	(547,'FRACC','ALGARROBOS','M√âRIDA','YUCAT√ÅN',0,0),
	(548,'COL','CIUDAD CAUCEL','M√âRIDA','YUCAT√ÅN',0,0),
	(549,'FRACC','ACUAPARQUE','M√âRIDA','YUCAT√ÅN',0,0),
	(550,'FRACC','PALMERALES DE ALTABRISA','M√âRIDA','YUCAT√ÅN',0,0),
	(551,'FRACC','TERRANOVA CIUDAD CAUCEL ','M√âRIDA','YUCAT√ÅN',0,0),
	(552,'FRACC','JARDINES DEL PONIENTE(CD CAU','M√âRIDA','YUCAT√ÅN',0,0),
	(553,'COL','CUAUHTEMOC II','M√âRIDA','YUCAT√ÅN',0,0),
	(554,'FRACC','LA HERRADURA II (CIUDAD CAUCEL)','M√âRIDA','YUCAT√ÅN',0,0),
	(555,'FRACC','HORIZONTES II CIUDAD CAUCEL','M√âRIDA','YUCAT√ÅN',0,0),
	(556,'FRACC','CAM. DE LA CONST.REAL MAGNOLIAS','M√âRIDA','YUCAT√ÅN',0,0),
	(557,'FRACC','PEDREGALES CIUDAD CAUCEL','M√âRIDA','YUCAT√ÅN',0,0),
	(558,'FRACC','YUCALPETEN (RESIDENCIAL CASA BLANCA)','M√âRIDA','YUCAT√ÅN',0,0),
	(559,'FRACC','HACIENDA CAUCEL','M√âRIDA','YUCAT√ÅN',0,0),
	(560,'FRACC','SOL CAUCEL 3A ETAPA','M√âRIDA','YUCAT√ÅN',0,0),
	(561,'FRACC','CIUDAD CAUCEL (TERRANOVA)','M√âRIDA','YUCAT√ÅN',0,0),
	(562,'FRACC','ALTABRISA (SAN REMO RESIDENCIAL)','M√âRIDA','YUCAT√ÅN',0,0),
	(563,'FRACC','EL RENACIMIENTO I','M√âRIDA','YUCAT√ÅN',0,0),
	(564,'FRACC','PLATINO II (CHUBURNA DE HGO)','M√âRIDA','YUCAT√ÅN',0,0),
	(565,'FRACC','LAS AMERICAS DE MERIDA II','M√âRIDA','YUCAT√ÅN',0,0),
	(566,'FRACC','QUINTA REAL (FCO DE MONTEJO)','M√âRIDA','YUCAT√ÅN',0,0),
	(567,'FRACC','BOULEVARES DE CAUCEL','M√âRIDA','YUCAT√ÅN',0,0),
	(568,'FRACC','LA HERRADURA III (CIUDAD CAUCEL)','M√âRIDA','YUCAT√ÅN',0,0),
	(569,'FRACC','PRIV. SAN CRISTOBAL (REPARTO GRANJAS)','M√âRIDA','YUCAT√ÅN',0,0),
	(570,'FRACC','LAS AMERICAS DE MERIDA III','M√âRIDA','YUCAT√ÅN',0,0),
	(571,'FRACC','VIVA CAUCEL','M√âRIDA','YUCAT√ÅN',0,0),
	(572,'COL','SAN JOSE TZAL','M√âRIDA','YUCAT√ÅN',0,0),
	(573,'FRACC','LOS ALMENDROS (CAUCEL)','M√âRIDA','YUCAT√ÅN',0,0),
	(574,'FRACC','SOL CAUCEL 5A ETAPA','M√âRIDA','YUCAT√ÅN',0,0),
	(575,'FRACC','REPARTO GRANJAS (LA QUINTA)','M√âRIDA','YUCAT√ÅN',0,0),
	(576,'FRACC','REPARTO GRANJAS (VILLAS CAMP.)','M√âRIDA','YUCAT√ÅN',0,0),
	(577,'FRACC','PLATINO ELITE (CHUBURNA DE HGO)','M√âRIDA','YUCAT√ÅN',0,0),
	(578,'FRACC','VIVAH ETAPA IV NVA S.J.TECOH','M√âRIDA','YUCAT√ÅN',0,0),
	(579,'FRACC','J. PABLO II (REAL ARECAS)','M√âRIDA','YUCAT√ÅN',0,0),
	(580,'FRACC','CENTENARIO CAM COMER CD CAUCEL','M√âRIDA','YUCAT√ÅN',0,0),
	(581,'FRACC','ALTABRISA (GRAN ROYAL)','M√âRIDA','YUCAT√ÅN',0,0),
	(582,'FRACC','REPARTO GRANJAS (JARDINES)','M√âRIDA','YUCAT√ÅN',0,0),
	(583,'FRACC','CHUBURNA (PRIV. LOS GIRASOLES)','M√âRIDA','YUCAT√ÅN',0,0),
	(584,'FRACC','SOL CAUCEL 4A ETAPA','M√âRIDA','YUCAT√ÅN',0,0),
	(585,'FRACC','VILLAS ZONA DORADA','M√âRIDA','YUCAT√ÅN',0,0),
	(586,'FRACC','RESID. GRAN SANTA FE','M√âRIDA','YUCAT√ÅN',0,0),
	(587,'FRACC','SANTA MARIA DE GUADALUPE','M√âRIDA','YUCAT√ÅN',0,0),
	(588,'FRACC','HACIENDA OPICHEN','M√âRIDA','YUCAT√ÅN',0,0),
	(589,'FRACC','JARDINES DE MULCHECHEN','M√âRIDA','YUCAT√ÅN',0,0),
	(590,'FRACC','RESIDENCIAL GALERIAS','M√âRIDA','YUCAT√ÅN',0,0),
	(591,'FRACC','REAL MONTECRISTO','M√âRIDA','YUCAT√ÅN',0,0),
	(592,'FRACC','RESIDENCIAL PASEOS ALTABRISA','M√âRIDA','YUCAT√ÅN',0,0),
	(593,'FRACC','PRIV. PEDREGALES MONTECRISTO','M√âRIDA','YUCAT√ÅN',0,0),
	(594,'FRACC','EL VERGEL 3A ETAPA','M√âRIDA','YUCAT√ÅN',0,0),
	(595,'FRACC','BOULEVARES DE CAUCEL 2A ETAPA','M√âRIDA','YUCAT√ÅN',0,0),
	(596,'FRACC','JARDINES DEL SUR II','M√âRIDA','YUCAT√ÅN',0,0),
	(597,'FRACC','MULCHECHEN RESIDENCIAL BELLAVISTA','M√âRIDA','YUCAT√ÅN',0,0),
	(598,'COL','CENTRAL DE ABASTOS','M√âRIDA','YUCAT√ÅN',0,0),
	(599,'FRACC','CIRICOTES 1A ETAPA(CD. CAUCEL)','M√âRIDA','YUCAT√ÅN',0,0),
	(600,'FRACC','VILLAS MONTECRISTO','M√âRIDA','YUCAT√ÅN',0,0),
	(601,'FRACC','MULCHECHEN(RES BE-VISTA 2A ET)','M√âRIDA','YUCAT√ÅN',0,0),
	(602,'COL','MERIDA CHUBURNA(ELEFANTE GDE)','M√âRIDA','YUCAT√ÅN',0,0),
	(603,'FRACC','LOS ALMENDROS(CAUCEL 2A ETAP)','M√âRIDA','YUCAT√ÅN',0,0),
	(604,'FRACC','LAS AMERICAS DE MERIDA IV','M√âRIDA','YUCAT√ÅN',0,0),
	(605,'FRACC','LAS GOLONDRINAS (COL. MAYA)','M√âRIDA','YUCAT√ÅN',0,0),
	(606,'FRACC','J.PABLO II(R.ARECAS 2A ETAPA)','M√âRIDA','YUCAT√ÅN',0,0),
	(607,'FRACC','MISNE II','M√âRIDA','YUCAT√ÅN',0,0),
	(608,'FRACC','BOULEVARES DE CAUCEL 3A ETAPA','M√âRIDA','YUCAT√ÅN',0,0),
	(609,'FRACC','VILLAS TIXCACAL(TIXC-OPICH)','M√âRIDA','YUCAT√ÅN',0,0),
	(610,'FRACC','LOS COCOS (CIUDAD CAUCEL)','M√âRIDA','YUCAT√ÅN',0,0),
	(611,'FRACC','CIUDAD CAUCEL','M√âRIDA','YUCAT√ÅN',0,0),
	(612,'FRACC','PUERTA DEL PALMAR CIUDAD CAUCEL','M√âRIDA','YUCAT√ÅN',0,0),
	(613,'FRACC','CIRICOTES 2A ETAPA(CD. CAUCEL)','M√âRIDA','YUCAT√ÅN',0,0),
	(614,'FRACC','LOS BALCONES II CTM(CD CAUCEL)','M√âRIDA','YUCAT√ÅN',0,0),
	(615,'FRACC','ALAMOS DE MULCHECHEN','M√âRIDA','YUCAT√ÅN',0,0),
	(616,'FRACC','SANTA CRUZ','M√âRIDA','YUCAT√ÅN',0,0),
	(617,'COL','PERIFERICO NORTE','M√âRIDA','YUCAT√ÅN',0,0),
	(618,'COL','PRIV. CHUBURNA DE HIDALGO','M√âRIDA','YUCAT√ÅN',0,0),
	(619,'COL','DESCONOCIDA VM','M√âRIDA','YUCAT√ÅN',0,0),
	(620,'COL','ZZ RUTA PARA CAMBIO DE COLONIA','M√âRIDA','YUCAT√ÅN',0,0),
	(621,'COL','CENTRO','CUZAM√Å','YUCAT√ÅN',0,0),
	(622,'COL','SANTANA','VALLADOLID','YUCAT√ÅN',0,0),
	(623,'FRACC','EL SOL (CD. CAUCEL)','M√âRIDA','YUCAT√ÅN',0,0),
	(624,'COL','SAN PEDRO CHOLUL','M√âRIDA','YUCAT√ÅN',0,0),
	(625,'COL','CENTRO','D.F.','M√âXICO',0,0),
	(626,'COL','SAN LUIS SUR','MERIDA MARG','YUCATAN',0,0),
	(627,'COL','PLAN DE AYALA SUR','MERIDA MARG','YUCATAN',0,0),
	(628,'COL','SAN GERONIMO ACULCO','D.F.','M√âXICO',0,0),
	(629,'COL','REFORMA SOCIAL DELEGACION MIGUEL HIDALGO','D.F.','M√âXICO',0,0),
	(630,'COL','GUADALUPANA','MERIDA MARG','YUCATAN',0,0),
	(631,'COL','EMILIANO ZAPATA SUR III','MERIDA MARG','YUCATAN',0,0),
	(632,'FRACC','LA CEIBA (CIUDAD CAUCEL)','M√âRIDA','YUCAT√ÅN',0,0),
	(633,'FRACC','VILLA JARDIN (CIUDAD CAUCEL)','M√âRIDA','YUCAT√ÅN',0,0),
	(634,'FRACC','LAS NUBES','M√âRIDA','YUCAT√ÅN',0,0),
	(635,'FRACC','JARDINES DEL ROBLE','M√âRIDA','YUCAT√ÅN',0,0),
	(636,'FRACC','LA HERRADURA IV (CIUDAD CAUCEL)','M√âRIDA','YUCAT√ÅN',0,0),
	(637,'FRACC','VILLA MODERNA','M√âRIDA','YUCAT√ÅN',0,0),
	(638,'FRACC','ALTABRISA (SAN REMO BLANC 1ERA ETAPA)','M√âRIDA','YUCAT√ÅN',0,0),
	(639,'FRACC','REPARTO LAS GRANJAS','M√âRIDA','YUCAT√ÅN',0,0),
	(640,'FRACC','LOS PINOS DE MULCHECHEN','M√âRIDA','YUCAT√ÅN',0,0),
	(641,'FRACC','MULCHECHEN','M√âRIDA','YUCAT√ÅN',0,0),
	(642,'FRACC','LOS HEROES','M√âRIDA','YUCAT√ÅN',0,0),
	(643,'FRACC','REAL MULCHECHEN','M√âRIDA','YUCAT√ÅN',0,0),
	(644,'FRACC','SANTA CRUZ','MERIDA MARG','YUCATAN',0,0),
	(645,'FRACC','COLINAS DE MULCHECHEN','M√âRIDA','YUCAT√ÅN',0,0),
	(646,'FRACC','RESIDENCIAL PENSIONES 3A ETAPA','M√âRIDA','YUCAT√ÅN',0,0),
	(647,'COL','REVOLUCION','M√âRIDA','YUCAT√ÅN',0,0),
	(648,'FRACC','NUEVA MAYAPAN','M√âRIDA','YUCAT√ÅN',0,0),
	(649,'FRACC','SAN JOSE TZAL','MERIDA MARG','YUCATAN',0,0),
	(650,'COL','SANTA MARIA','M√âRIDA','YUCAT√ÅN',0,0),
	(651,'COL','LIBERTAD','M√âRIDA','YUCAT√ÅN',0,0),
	(652,'FRACC','SAN PEDRO NOH PAT II','M√âRIDA','YUCAT√ÅN',0,0),
	(653,'FRACC','AMPLIACION REPARTO LAS GRANJAS','M√âRIDA','YUCAT√ÅN',0,0),
	(654,'COL','EL ROSARIO','M√âRIDA','YUCAT√ÅN',0,0),
	(655,'COL','SAN JOSE TECOH SUR','M√âRIDA','YUCAT√ÅN',0,0),
	(656,'COL','AMPLIACION MULCHECHEN','M√âRIDA','YUCAT√ÅN',0,0),
	(657,'COL','LA REJA','M√âRIDA','YUCAT√ÅN',0,0),
	(658,'FRACC','CERRADAS LA HERRADURA (CD CAUCEL)','M√âRIDA','YUCAT√ÅN',0,0),
	(659,'COL','EMILIANO ZAPATA SUR I Y II','M√âRIDA','YUCAT√ÅN',0,0),
	(660,'FRACC','GRANJAS KANASIN','M√âRIDA','YUCAT√ÅN',0,0),
	(661,'FRACC','BOULEVARES DE CAUCEL 4TA ETAPA','M√âRIDA','YUCAT√ÅN',0,0),
	(662,'FRACC','RESIDENCIAL ALTABRISA','M√âRIDA','YUCAT√ÅN',0,0),
	(663,'FRACC','LINDAVISTA','M√âRIDA','YUCAT√ÅN',0,0),
	(664,'FRACC','LINDAVISTA II','M√âRIDA','YUCAT√ÅN',0,0),
	(665,'FRACC','RINCONADA DE CHUBURNA','M√âRIDA','YUCAT√ÅN',0,0),
	(666,'COL','PLANTEL MEXICO','M√âRIDA','YUCAT√ÅN',0,0),
	(667,'FRACC','SAN ANTONIO KAUA','M√âRIDA','YUCAT√ÅN',0,0),
	(668,'COL','MELCHOR OCAMPO','M√âRIDA','YUCAT√ÅN',0,0),
	(669,'FRACC','PRIVADA DEL CARMEN','M√âRIDA','YUCAT√ÅN',0,0),
	(670,'COL','RENACIMIENTO','MERIDA MARG','YUCATAN',0,0),
	(671,'FRACC','LOS HEROES CHICHI SUAREZ','M√âRIDA','YUCAT√ÅN',0,0),
	(672,'FRACC','PALMAS DEL SUR','M√âRIDA','YUCAT√ÅN',0,0),
	(673,'FRACC','AMPLIACION JUAN PABLO II','M√âRIDA','YUCAT√ÅN',0,0),
	(674,'COL','AMPLIACION SODZIL','M√âRIDA','YUCAT√ÅN',0,0),
	(675,'COL','UXMAL','M√âRIDA','YUCAT√ÅN',0,0),
	(676,'FRACC','RESIDENCIAL VALPARAISO','M√âRIDA','YUCAT√ÅN',0,0),
	(677,'COL','PINZONES','M√âRIDA','YUCAT√ÅN',0,0),
	(678,'FRACC','RESIDENCIAL PENSIONES 4A ETAPA','M√âRIDA','YUCAT√ÅN',0,0),
	(679,'FRACC','SAN CARLOS DEL SUR II','M√âRIDA','YUCAT√ÅN',0,0),
	(680,'FRACC','VILLA MAGNA','M√âRIDA','YUCAT√ÅN',0,0),
	(681,'COL','POLIGONO ITZIMNA 108','M√âRIDA','YUCAT√ÅN',0,0),
	(682,'COL','NUEVA MAYAPAN','M√âRIDA','YUCAT√ÅN',0,0),
	(683,'COL','AMPLIACION PLAN DE AYALA','M√âRIDA','YUCAT√ÅN',0,0),
	(684,'COL','SERAPIO RENDON','M√âRIDA','YUCAT√ÅN',0,0),
	(685,'FRACC','SERAPIO RENDON III','M√âRIDA','YUCAT√ÅN',0,0),
	(686,'COL','CARMELITAS','M√âRIDA','YUCAT√ÅN',0,0),
	(687,'COL','EL ROBLE AGRICOLA III','M√âRIDA','YUCAT√ÅN',0,0),
	(688,'FRACC','POLIGONO ITZIMNA 108','M√âRIDA','YUCAT√ÅN',0,0),
	(689,'FRACC','DIAMANTE PASEOS DE OPICHEN','M√âRIDA','YUCAT√ÅN',0,0),
	(690,'COL','SAN VICENTE ORIENTE','M√âRIDA','YUCAT√ÅN',0,0),
	(691,'FRACC','RENACIMIENTO','MERIDA MARG','YUCATAN',0,0),
	(692,'COL','EL ROBLE AGRICOLA II','M√âRIDA','YUCAT√ÅN',0,0),
	(693,'FRACC','SAN VICENTE ORIENTE','M√âRIDA','YUCAT√ÅN',0,0),
	(694,'FRACC','RESIDENCIAL PIEDRASUL','M√âRIDA','YUCAT√ÅN',0,0),
	(695,'COL','RESIDENCIAL DEL NORTE CHENKU','M√âRIDA','YUCAT√ÅN',0,0),
	(696,'FRACC','ZAZIL HA II','M√âRIDA','YUCAT√ÅN',0,0),
	(697,'COL','NUEVO YUCATAN','M√âRIDA','YUCAT√ÅN',0,0),
	(698,'COL','PACABTUN','M√âRIDA','YUCAT√ÅN',0,0),
	(699,'COL','SANTA RITA CHOLUL','M√âRIDA','YUCAT√ÅN',0,0),
	(700,'FRACC','EL RAMONAL','M√âRIDA','YUCAT√ÅN',0,0),
	(701,'COL','PEDREGALES DE ORIENTE','M√âRIDA','YUCAT√ÅN',0,0),
	(702,'FRACC','EMILIANO ZAPATA SUR','MERIDA MARG','YUCATAN',0,0),
	(703,'COL','EMILIANO ZAPATA SUR','MERIDA MARG','YUCATAN',0,0),
	(704,'FRACC','GIRASOLES DE OPICHEN','M√âRIDA','YUCAT√ÅN',0,0),
	(705,'FRACC','SAN CARLOS','M√âRIDA','YUCAT√ÅN',0,0),
	(706,'COL','LUIS ECHEVERRIA','M√âRIDA','YUCAT√ÅN',0,0),
	(707,'FRACC','FRANCISCO DE MONTEJO III','M√âRIDA','YUCAT√ÅN',0,0),
	(708,'FRACC','BOSQUES DEL PONIENTE','M√âRIDA','YUCAT√ÅN',0,0),
	(709,'COL','LEONA VICARIO II','M√âRIDA','YUCAT√ÅN',0,0),
	(710,'FRACC','LAS AGUILAS','M√âRIDA','YUCAT√ÅN',0,0),
	(711,'FRACC','VILLAS DE ORIENTE','M√âRIDA','YUCAT√ÅN',0,0),
	(712,'COL','AMPLIACION PLAN DE AYALA SUR','M√âRIDA','YUCAT√ÅN',0,0),
	(713,'COL','CORTES SARMIENTO','M√âRIDA','YUCAT√ÅN',0,0),
	(714,'COL','RESIDENCIAL DEL NORTE','M√âRIDA','YUCAT√ÅN',0,0),
	(715,'COL','SITPACH','M√âRIDA','YUCAT√ÅN',0,0),
	(716,'COL','PRIVADA LOS TULIPANES','M√âRIDA','YUCAT√ÅN',0,0),
	(717,'FRACC','RESIDENCIAL GRAN SANTA FE II','M√âRIDA','YUCAT√ÅN',0,0),
	(718,'COL','SAN LUIS CHUBURNA','M√âRIDA','YUCAT√ÅN',0,0),
	(719,'FRACC',' VILLAS DE CHUBURNA VI','M√âRIDA','YUCAT√ÅN',0,0),
	(720,'COL','VERGEL','M√âRIDA','YUCAT√ÅN',0,0),
	(721,'COL','AMPLIACION PEDREGALES DE LINDAVISTA','M√âRIDA','YUCAT√ÅN',0,0),
	(722,'FRACC','JARDINES DE NUEVA MULSAY III','M√âRIDA','YUCAT√ÅN',0,0),
	(723,'COL','AMPLIACION XELPAC','M√âRIDA','YUCAT√ÅN',0,0),
	(724,'COL','AVILA CAMACHO II','M√âRIDA','YUCAT√ÅN',0,0),
	(725,'COL','MIL PIEDRAS','M√âRIDA','YUCAT√ÅN',0,0),
	(726,'FRACC','LAS AMERICAS MERIDA','M√âRIDA','YUCAT√ÅN',0,0),
	(727,'COL','RENACIMIENTO','M√âRIDA','YUCAT√ÅN',0,0),
	(728,'FRACC','BRISAS DEL PONIENTE','M√âRIDA','YUCAT√ÅN',0,0),
	(729,'FRACC','NUEVA MULSAY III','M√âRIDA','YUCAT√ÅN',0,0),
	(730,'COL','EMILIANO ZAPATA SUR II','MERIDA MARG','YUCATAN',0,0),
	(731,'FRACC','RESIDENCIAL CAMPESTRE VILADIU','M√âRIDA','YUCAT√ÅN',0,0),
	(732,'FRACC','RESIDENCIAL HACIENDA CD. CAUCEL','M√âRIDA','YUCAT√ÅN',0,0),
	(733,'COL','MISNEBALAM II','M√âRIDA','YUCAT√ÅN',0,0),
	(734,'FRACC','RESIDENCIAL VISTA ALEGRE','M√âRIDA','YUCAT√ÅN',0,0),
	(735,'FRACC','FLORIDA NORTE','M√âRIDA','YUCAT√ÅN',0,0),
	(736,'COL','MULCHECHEN IV','M√âRIDA','YUCAT√ÅN',0,0),
	(737,'FRACC','RESIDENCIAL PENSIONES V','M√âRIDA','YUCAT√ÅN',0,0),
	(738,'COL','POLIGONO CHUBURNA','M√âRIDA','YUCAT√ÅN',0,0),
	(739,'COL','MERIDA','M√âRIDA','YUCAT√ÅN',0,0),
	(740,'COL','XBECH','M√âRIDA','YUCAT√ÅN',0,0),
	(741,'FRACC','JARDINES EL ROBLE','M√âRIDA','YUCAT√ÅN',0,0),
	(742,'FRACC','CHUBURNA INN II','M√âRIDA','YUCAT√ÅN',0,0),
	(743,'FRACC','SAN RAMON NORTE','M√âRIDA','YUCAT√ÅN',0,0),
	(744,'FRACC','NUEVA MULSAY','M√âRIDA','YUCAT√ÅN',0,0),
	(745,'COL','AMPLIACION REVOLUCION','M√âRIDA','YUCAT√ÅN',0,0),
	(746,'FRACC','PRIVADA ZAZIL HA','M√âRIDA','YUCAT√ÅN',0,0),
	(747,'COL','PETKANCHE','M√âRIDA','YUCAT√ÅN',0,0),
	(748,'COL','FELIPE CARRILLO PUERTO NORTE','M√âRIDA','YUCAT√ÅN',0,0),
	(749,'FRACC','SAN FRANCISCO II','M√âRIDA','YUCAT√ÅN',0,0),
	(750,'FRACC','PRIVADA RESID ATLANTIS(CHUBURNA DE HGO)','M√âRIDA','YUCAT√ÅN',0,0),
	(751,'COL','PENSIONES','M√âRIDA','YUCAT√ÅN',0,0),
	(752,'FRACC','RESIDENCIAL SOL CAMPESTRE','M√âRIDA','YUCAT√ÅN',0,0),
	(753,'COL','PEDREGALES DE LINDA VISTA','M√âRIDA','YUCAT√ÅN',0,0),
	(754,'FRACC','FRANCISCO DE MONTEJO II','M√âRIDA','YUCAT√ÅN',0,0),
	(755,'COL','BENITO JUAREZ','M√âRIDA','YUCAT√ÅN',0,0),
	(756,'FRACC','FRANCISCO DE MONTEJO 2DA. ETAPA','M√âRIDA','YUCAT√ÅN',0,0),
	(757,'COL','OBRERA BOSQUES DEL PEDREGAL','M√âRIDA','YUCAT√ÅN',0,0),
	(758,'COL','PRIVADA RESIDENCIAL MARSELLA','M√âRIDA','YUCAT√ÅN',0,0),
	(759,'COL','AMPLIACION MIGUEL HIDALGO','M√âRIDA','YUCAT√ÅN',0,0),
	(760,'FRACC','GUADALUPANA','MERIDA MARG','YUCATAN',0,0),
	(761,'FRACC','MISNEBALAM I','M√âRIDA','YUCAT√ÅN',0,0),
	(762,'COL','PEDREGALES DE SAN CAMILO','M√âRIDA','YUCAT√ÅN',0,0),
	(763,'COL','FRANCISCO VILLA','M√âRIDA','YUCAT√ÅN',0,0),
	(764,'FRACC','TANLUM','M√âRIDA','YUCAT√ÅN',0,0),
	(765,'COL','SAN CAMILO II','M√âRIDA','YUCAT√ÅN',0,0),
	(766,'FRACC','LAS AMERICAS II','M√âRIDA','YUCAT√ÅN',0,0),
	(767,'COL','REPARTO DOLORES PATRON PENICHE','M√âRIDA','YUCAT√ÅN',0,0),
	(768,'FRACC','FRANCISCO DE MONTEJO IV','M√âRIDA','YUCAT√ÅN',0,0),
	(769,'COL','JACINTO CANEK','M√âRIDA','YUCAT√ÅN',0,0),
	(770,'COL','U. H. REVOLUCION (CORDEMEX)','M√âRIDA','YUCAT√ÅN',0,0),
	(771,'COL','HIDALGO','M√âRIDA','YUCAT√ÅN',0,0),
	(772,'FRACC','BUGAMBILIAS','M√âRIDA','YUCAT√ÅN',0,0),
	(773,'COL','XCOM','M√âRIDA','YUCAT√ÅN',0,0),
	(774,'COL','FUENTE DORADA','M√âRIDA','YUCAT√ÅN',0,0),
	(775,'FRACC','RESIDENCIAL PENSIONES VII ETAPA','M√âRIDA','YUCAT√ÅN',0,0),
	(776,'COL','PLAN DE AYALA','M√âRIDA','YUCAT√ÅN',0,0),
	(777,'COL','DZUNUNCAN','M√âRIDA','YUCAT√ÅN',0,0),
	(778,'FRACC','MONTEVIDEO','M√âRIDA','YUCAT√ÅN',0,0),
	(779,'FRACC','LOS ALMENDROS (CIUDAD CAUCEL)','M√âRIDA','YUCAT√ÅN',0,0),
	(780,'FRACC','PRIVADA LA HACIENDA','M√âRIDA','YUCAT√ÅN',0,0),
	(781,'COL','RESIDENCIAL PENSIONES VI ETAPA','M√âRIDA','YUCAT√ÅN',0,0),
	(782,'COL','SODZIL','M√âRIDA','YUCAT√ÅN',0,0),
	(783,'FRACC','CIUDAD CAUCEL SECCION LAS TORRES II','M√âRIDA','YUCAT√ÅN',0,0),
	(784,'FRACC','MAYAPAN','M√âRIDA','YUCAT√ÅN',0,0),
	(785,'COL','ANTONIA JIMENEZ TRAVA II','M√âRIDA','YUCAT√ÅN',0,0),
	(786,'COL','SAN ANTONIO KAUA I','M√âRIDA','YUCAT√ÅN',0,0),
	(787,'COL','VISTA ALEGRE','M√âRIDA','YUCAT√ÅN',0,0),
	(788,'FRACC','SAN ANOTNIO CINTA III','M√âRIDA','YUCAT√ÅN',0,0),
	(789,'FRACC','PRIVADA CHUBURNA DE HIDALGO','M√âRIDA','YUCAT√ÅN',0,0),
	(790,'FRACC','SAN JOSE CHUBURNA I','M√âRIDA','YUCAT√ÅN',0,0),
	(791,'COL','JARDINES DE TAHDZIBICHEN','M√âRIDA','YUCAT√ÅN',0,0),
	(792,'FRACC','RESIDENCIAL DEL NORTE JARDINES DE PENSIONES','M√âRIDA','YUCAT√ÅN',0,0),
	(793,'COL','CIUDAD CAUCEL SECCION LAS TORRES','M√âRIDA','YUCAT√ÅN',0,0),
	(794,'FRACC','OLIVOS MULCHECHEN','M√âRIDA','YUCAT√ÅN',0,0),
	(795,'FRACC','U. H. REVOLUCION (CORDEMEX)','M√âRIDA','YUCAT√ÅN',0,0),
	(796,'FRACC','RENACIMIENTO I','M√âRIDA','YUCAT√ÅN',0,0),
	(797,'FRACC','EL ROSARIO JUAN PABLO II','M√âRIDA','YUCAT√ÅN',0,0),
	(798,'COL','CHUBURNA','M√âRIDA','YUCAT√ÅN',0,0),
	(799,'FRACC','VERGEL III CTM','M√âRIDA','YUCAT√ÅN',0,0),
	(800,'FRACC','MONTEBELLO II','M√âRIDA','YUCAT√ÅN',0,0),
	(801,'FRACC','JUAN PABLO II  (2DA. ETAPA)','M√âRIDA','YUCAT√ÅN',0,0),
	(802,'FRACC','FRANCISCO DE MONTEJO V','M√âRIDA','YUCAT√ÅN',0,0),
	(803,'FRACC','LOS FAISANES DE TIXCACAL','M√âRIDA','YUCAT√ÅN',0,0),
	(804,'COL','EL VERGEL','M√âRIDA','YUCAT√ÅN',0,0),
	(805,'FRACC','PUERTA ESMERALDA','M√âRIDA','YUCAT√ÅN',0,0),
	(806,'FRACC','NUEVA MIGUEL HIDALGO','M√âRIDA','YUCAT√ÅN',0,0),
	(807,'FRACC','ALTABRISA (BOSQUES DE ALTABRISA)','M√âRIDA','YUCAT√ÅN',0,0),
	(808,'FRACC','VILLAS DE CHUBURNA VI','M√âRIDA','YUCAT√ÅN',0,0),
	(809,'COL','POLIGONO SAN PEDRO NOH PAT','M√âRIDA','YUCAT√ÅN',0,0),
	(810,'FRACC','HACIENDA MULSAY','M√âRIDA','YUCAT√ÅN',0,0),
	(811,'COL','FRANCISCO DE MONTEJO 2DA. ETAPA','M√âRIDA','YUCAT√ÅN',0,0),
	(812,'COL','PEDREGALES DE TANLUM','M√âRIDA','YUCAT√ÅN',0,0),
	(813,'FRACC','LOS OLIVOS','M√âRIDA','YUCAT√ÅN',0,0),
	(814,'FRACC','MONTES DE TIXCACAL','M√âRIDA','YUCAT√ÅN',0,0),
	(815,'COL','ADOLFO LOPEZ MATEOS','M√âRIDA','YUCAT√ÅN',0,0),
	(816,'FRACC','AMPLIACION TIXCACAL OPICHEN','M√âRIDA','YUCAT√ÅN',0,0),
	(817,'FRACC','LAS AMERICAS','M√âRIDA','YUCAT√ÅN',0,0),
	(818,'FRACC','VALLE DORADO','M√âRIDA','YUCAT√ÅN',0,0),
	(819,'FRACC','RESIDENCIAL PENSIONES VI ETAPA','M√âRIDA','YUCAT√ÅN',0,0),
	(820,'COL','LOMA BONITA XCUMPICH','M√âRIDA','YUCAT√ÅN',0,0),
	(821,'COL','ROBLE AGRICOLA (ALBORADA)','M√âRIDA','YUCAT√ÅN',0,0),
	(822,'FRACC','JARDINES DE MULSAY III','M√âRIDA','YUCAT√ÅN',0,0),
	(823,'FRACC','EL ROSARIO','M√âRIDA','YUCAT√ÅN',0,0),
	(824,'FRACC','PRIV. LOS ALAMOS','M√âRIDA','YUCAT√ÅN',0,0),
	(825,'FRACC','HACIENDA XCUMPICH','M√âRIDA','YUCAT√ÅN',0,0),
	(826,'COL','PLAN DE AYALA SUR III','M√âRIDA','YUCAT√ÅN',0,0),
	(827,'FRACC','EL ROBLE ALBORADA','M√âRIDA','YUCAT√ÅN',0,0),
	(828,'FRACC','VERGEL IV','M√âRIDA','YUCAT√ÅN',0,0),
	(829,'COL','DELIO MORENO CANTON','M√âRIDA','YUCAT√ÅN',0,0),
	(830,'COL','NUCLEO SODZIL','M√âRIDA','YUCAT√ÅN',0,0),
	(831,'FRACC','JUAN PABLO II RENACIMIENTO IV','M√âRIDA','YUCAT√ÅN',0,0),
	(832,'FRACC','RESIDENCIAL COLONIA MEXICO','M√âRIDA','YUCAT√ÅN',0,0),
	(833,'FRACC','RESIDENCIAL DEL NORTE ( CHENKU )','M√âRIDA','YUCAT√ÅN',0,0),
	(834,'COL','EL ROBLE AGRICOLA I','M√âRIDA','YUCAT√ÅN',0,0),
	(835,'FRACC','VILLAS LA MACARENA','M√âRIDA','YUCAT√ÅN',0,0),
	(836,'FRACC','VILLAS LA HACIENDA','M√âRIDA','YUCAT√ÅN',0,0),
	(837,'FRACC','ROBLE AGRICOLA ALBORADA','M√âRIDA','YUCAT√ÅN',0,0),
	(838,'FRACC','RESIDENCIAL CAMARA DE COMERCIO NORTE','M√âRIDA','YUCAT√ÅN',0,0),
	(839,'FRACC','LA FLORIDA NORTE','M√âRIDA','YUCAT√ÅN',0,0),
	(840,'FRACC','MISNEBALAM II','M√âRIDA','YUCAT√ÅN',0,0),
	(841,'COL','SANTA CRUZ II ETAPA','M√âRIDA','YUCAT√ÅN',0,0),
	(842,'FRACC','R.PENS.G.GINERES V ETAPA','M√âRIDA','YUCAT√ÅN',0,0),
	(843,'COL','SAN PEDRO NOH PAT','M√âRIDA','YUCAT√ÅN',0,0),
	(844,'COL','SAN MARCIAL','M√âRIDA','YUCAT√ÅN',0,0),
	(845,'COL','SAN ANTONIO XLUCH III','M√âRIDA','YUCAT√ÅN',0,0),
	(846,'COL','REAL MONTEJO','M√âRIDA','YUCAT√ÅN',0,0),
	(847,'COL','UNIDAD MORELOS ORIENTE','M√âRIDA','YUCAT√ÅN',0,0),
	(848,'COL','AMPLIACION SALVADOR ALVARADO SUR','M√âRIDA','YUCAT√ÅN',0,0),
	(849,'FRACC','CIUDAD INDUSTRIAL','M√âRIDA','YUCAT√ÅN',0,0),
	(850,'FRACC','CIUDAD INDUSTRIAL(INFONAVIT)','M√âRIDA','YUCAT√ÅN',0,0),
	(851,'COL','EL ROBLE AGRICOLA AREA LIBRE','M√âRIDA','YUCAT√ÅN',0,0),
	(852,'COL','LAS BRISAS','M√âRIDA','YUCAT√ÅN',0,0),
	(853,'COL','FERROCARRILERA HECTOR VICTORIA AGUILAR','M√âRIDA','YUCAT√ÅN',0,0),
	(854,'FRACC','SANTA ISABEL','M√âRIDA','YUCAT√ÅN',0,0),
	(855,'FRACC','ARBOLEDAS','M√âRIDA','YUCAT√ÅN',0,0),
	(856,'FRACC','BELLA VISTA','M√âRIDA','YUCAT√ÅN',0,0),
	(857,'FRACC','BELLAVISTA','M√âRIDA','YUCAT√ÅN',0,0),
	(858,'FRACC','EL FENIX','M√âRIDA','YUCAT√ÅN',0,0),
	(859,'FRACC','FCO DE MONTEJO 2DA ETAPA DE LA COL.CHUBURNA','M√âRIDA','YUCAT√ÅN',0,0),
	(860,'COL','GRACIANO RICALDE','M√âRIDA','YUCAT√ÅN',0,0),
	(861,'FRACC','SACNICTE SUSULA XOCLAN','M√âRIDA','YUCAT√ÅN',0,0),
	(862,'FRACC','PASEO DEL CONQUISTADOR II','M√âRIDA','YUCAT√ÅN',0,0),
	(863,'FRACC','AMPLIACION FRANCISCO DE MONTEJO','M√âRIDA','YUCAT√ÅN',0,0),
	(864,'FRACC','ZONA DORADA II','M√âRIDA','YUCAT√ÅN',0,0),
	(865,'FRACC','JARDINES DE NUEVA MULSAY II','M√âRIDA','YUCAT√ÅN',0,0),
	(866,'COL','UXMAL (SAN PABLO)','M√âRIDA','YUCAT√ÅN',0,0),
	(867,'FRACC','JUAN PABLO II','M√âRIDA','YUCAT√ÅN',0,0),
	(868,'COL','AMPLIACION PLAN DE AYALA SUR','MERIDA MARG','YUCATAN',0,0),
	(869,'FRACC','PRIVADA LAS PALMAS','M√âRIDA','YUCAT√ÅN',0,0),
	(870,'COL','UNIDAD HABITACIONAL PACABTUN','M√âRIDA','YUCAT√ÅN',0,0),
	(871,'COL','SAN IGNACIO 1','M√âRIDA','YUCAT√ÅN',0,0),
	(872,'FRACC','SAN IGNACIO I','M√âRIDA','YUCAT√ÅN',0,0),
	(873,'FRACC','GRAN SANTA FE','M√âRIDA','YUCAT√ÅN',0,0),
	(874,'COL','NUEVA SALVADOR ALVARADO SUR','M√âRIDA','YUCAT√ÅN',0,0),
	(875,'COL','COL. EL CERRITO DE SANTA ISABEL','M√âRIDA','YUCAT√ÅN',0,0),
	(876,'COL','CHUBURNA LA NORIA','M√âRIDA','YUCAT√ÅN',0,0),
	(877,'FRACC','PEDREGAL LINDAVISTA (ELEFANTE CHICO)','M√âRIDA','YUCAT√ÅN',0,0),
	(878,'COL','PLAN DE AYALA SUR III','MERIDA MARG','YUCATAN',0,0),
	(879,'COL','REPARTO DOLORES PATRON','M√âRIDA','YUCAT√ÅN',0,0),
	(880,'COL','RENACIMIENTO II SAN MARCOS','M√âRIDA','YUCAT√ÅN',0,0),
	(881,'COL','MIGUEL HIDALGO (15 DE MAYO)','M√âRIDA','YUCAT√ÅN',0,0),
	(882,'FRACC','SANTA ANA','M√âRIDA','YUCAT√ÅN',0,0),
	(883,'COL','PEDREGALES DE LINDAVISTA(ELEFANTE CHICO)','M√âRIDA','YUCAT√ÅN',0,0),
	(884,'FRACC','SERAPIO RENDON II','M√âRIDA','YUCAT√ÅN',0,0),
	(885,'COL','NUEVA HIDALGO','M√âRIDA','YUCAT√ÅN',0,0),
	(886,'FRACC','CD INDUSTRIAL (ALVARO TORRES DIAZ)','M√âRIDA','YUCAT√ÅN',0,0),
	(887,'FRACC','CD. INDUSTRIAL(ALVARO TORRE DIAZ)','M√âRIDA','YUCAT√ÅN',0,0),
	(888,'COL','SAN ESTEBAN','M√âRIDA','YUCAT√ÅN',0,0),
	(889,'FRACC','AMPLIACION MIGUEL HIDALGO','M√âRIDA','YUCAT√ÅN',0,0),
	(890,'FRACC','AUREA RESIDENCIAL','M√âRIDA','YUCAT√ÅN',0,0),
	(891,'FRACC','RESIDENCIAL PENSIONES V ETAPA','M√âRIDA','YUCAT√ÅN',0,0),
	(892,'FRACC','MANANTIALES DE COCOYOLES','M√âRIDA','YUCAT√ÅN',0,0),
	(893,'FRACC','SAN ANTONIO XLUCH III','M√âRIDA','YUCAT√ÅN',0,0),
	(894,'COL','AMPLIACION PLAN DE AYALA SUR III','MERIDA MARG','YUCATAN',0,0),
	(895,'COL','VERGEL III CTM','M√âRIDA','YUCAT√ÅN',0,0),
	(896,'COL','GUSTAVO DIAZ ORDAZ','M√âRIDA','YUCAT√ÅN',0,0),
	(897,'COL','UXMAL (SAN PEDRO)','M√âRIDA','YUCAT√ÅN',0,0),
	(898,'FRACC','EL ROBLE AGRICOLA','M√âRIDA','YUCAT√ÅN',0,0),
	(899,'FRACC','CERRADAS DE GRAN SANTA FE','M√âRIDA','YUCAT√ÅN',0,0),
	(900,'FRACC','EL ROBLE IMSS','M√âRIDA','YUCAT√ÅN',0,0),
	(901,'COL','UNION ANTORCHISTA','M√âRIDA','YUCAT√ÅN',0,0),
	(902,'FRACC','PASEO DE LAS CARMELITAS','M√âRIDA','YUCAT√ÅN',0,0),
	(903,'FRACC','GRAN SANTA FE II','M√âRIDA','YUCAT√ÅN',0,0),
	(904,'COL','PINZON II','M√âRIDA','YUCAT√ÅN',0,0),
	(905,'COL','NUEVO RENACIMIENTO','M√âRIDA','YUCAT√ÅN',0,0),
	(906,'COL','VISTA ALEGRE CHUBURNA','M√âRIDA','YUCAT√ÅN',0,0),
	(907,'FRACC','VILLA DE LA OBRERA II','M√âRIDA','YUCAT√ÅN',0,0),
	(908,'FRACC','XOCLAN','M√âRIDA','YUCAT√ÅN',0,0),
	(909,'FRACC','AMPLIACION VERGEL TRES CTM','M√âRIDA','YUCAT√ÅN',0,0),
	(910,'FRACC','UNIDAD HABITACIONAL MULSAY','M√âRIDA','YUCAT√ÅN',0,0),
	(911,'FRACC','LOS PINOS DE MULCHECHEN 2 ETAPA','M√âRIDA','YUCAT√ÅN',0,0),
	(912,'COL','SAN JOSE CHUBURNA II','M√âRIDA','YUCAT√ÅN',0,0),
	(913,'COL','SAN ANTONIO XLUCH Y NOCO','M√âRIDA','YUCAT√ÅN',0,0),
	(914,'COL','ALVARO TORRE DIAZ','M√âRIDA','YUCAT√ÅN',0,0),
	(915,'FRACC','PUNTA LAGO PRIVADA RESIDENCIAL','M√âRIDA','YUCAT√ÅN',0,0),
	(916,'COL','AMPLIACION NUEVA SANTA ISABEL','M√âRIDA','YUCAT√ÅN',0,0),
	(917,'FRACC','PUESTA DEL SOL','M√âRIDA','YUCAT√ÅN',0,0),
	(918,'FRACC','SAN JOSE CHUBURNA II','M√âRIDA','YUCAT√ÅN',0,0),
	(919,'FRACC','HECTOR VICTORIA AGUILAR','M√âRIDA','YUCAT√ÅN',0,0),
	(920,'COL','HECTOR VICTORIA AGUILAR','M√âRIDA','YUCAT√ÅN',0,0),
	(921,'FRACC','JUAN PABLO II BRISAS DEL PTE','M√âRIDA','YUCAT√ÅN',0,0),
	(922,'FRACC','EL PORVENIR','M√âRIDA','YUCAT√ÅN',0,0),
	(923,'COL','EL PORVENIR','M√âRIDA','YUCAT√ÅN',0,0),
	(924,'COL','SAN JOSE TECOH SUR II','M√âRIDA','YUCAT√ÅN',0,0),
	(925,'FRACC','CERRADAS','M√âRIDA','YUCAT√ÅN',0,0),
	(926,'COL','CIUDAD','M√âRIDA','YUCAT√ÅN',0,0),
	(927,'COL','COMISARIA CAUCEL','M√âRIDA','YUCAT√ÅN',0,0),
	(928,'COL','SANTA CRUZ PALOMEQUE','M√âRIDA','YUCAT√ÅN',0,0),
	(929,'FRACC','LAS GRANJAS','M√âRIDA','YUCAT√ÅN',0,0),
	(930,'FRACC','SAN JOSE TECOH','M√âRIDA','YUCAT√ÅN',0,0),
	(931,'FRACC','PASEOS DE CHENKU II','M√âRIDA','YUCAT√ÅN',0,0),
	(932,'COL','DZUNUNCAN','MERIDA MARG','YUCATAN',0,0),
	(933,'FRACC','SANTA CRUZ II ETAPA','M√âRIDA','YUCAT√ÅN',0,0),
	(934,'FRACC','ALVARO TORRE DIAZ','M√âRIDA','YUCAT√ÅN',0,0),
	(935,'COL','CERRITO','M√âRIDA','YUCAT√ÅN',0,0),
	(936,'COL','TIXCACAL CANTO','M√âRIDA','YUCAT√ÅN',0,0),
	(937,'COL','SANTA GERTRUDIS COPO','M√âRIDA','YUCAT√ÅN',0,0),
	(938,'COL','SANTA GERTRUDIS','M√âRIDA','YUCAT√ÅN',0,0),
	(939,'COL','CIUDAD DE MERIDA','M√âRIDA','YUCAT√ÅN',0,0),
	(940,'COL','EJIDO DE KANASIN','M√âRIDA','YUCAT√ÅN',0,0),
	(941,'COL','NUEVA SAN JOSE','M√âRIDA','YUCAT√ÅN',0,0),
	(942,'COL','XCANATUN','M√âRIDA','YUCAT√ÅN',0,0),
	(943,'COL','MERIDA (ELEFANTE GRANDE)','M√âRIDA','YUCAT√ÅN',0,0),
	(944,'COL','TAHDZIBICHEN','M√âRIDA','YUCAT√ÅN',0,0),
	(945,'FRACC','LOS SOLES DE CIUDAD CAUCEL','M√âRIDA','YUCAT√ÅN',0,0),
	(946,'COL','REPARTO GRANJAS MULCHECHEN','M√âRIDA','YUCAT√ÅN',0,0),
	(947,'COL','REPARTO LAS GRANJAS','M√âRIDA','YUCAT√ÅN',0,0),
	(948,'FRACC','AQUAPARQUE','M√âRIDA','YUCAT√ÅN',0,0),
	(949,'FRACC','RESIDENCIAL PUERTA REAL','M√âRIDA','YUCAT√ÅN',0,0),
	(950,'FRACC','LA PERLA(CIUDAD CAUCEL)','M√âRIDA','YUCAT√ÅN',0,0),
	(951,'COL','MEXICO OTE.(JARD.DEL NTE.DE PRADO NTE)','M√âRIDA','YUCAT√ÅN',0,0),
	(952,'COL','ROBLE AGRICOLA IV','M√âRIDA','YUCAT√ÅN',0,0),
	(953,'FRACC','CAMARA DE LA CONSTRUCCION','M√âRIDA','YUCAT√ÅN',0,0),
	(954,'FRACC','EMILIANO ZAPATA ORIENTE','M√âRIDA','YUCAT√ÅN',0,0),
	(955,'FRACC','LAS DALIAS II CHUBURNA','M√âRIDA','YUCAT√ÅN',0,0),
	(956,'FRACC','AMPLIACION SAN MIGUEL','M√âRIDA','YUCAT√ÅN',0,0),
	(957,'FRACC','ITZIMNA POLIGONO 108','M√âRIDA','YUCAT√ÅN',0,0),
	(958,'COL','SAN PEDRO','M√âRIDA','YUCAT√ÅN',0,0),
	(959,'FRACC','ROBLE AGRICOLA','M√âRIDA','YUCAT√ÅN',0,0),
	(960,'FRACC','ROBLE AGRICOLA SAN MARCOS NOCOH','M√âRIDA','YUCAT√ÅN',0,0),
	(961,'COL','KANASIN','M√âRIDA','YUCAT√ÅN',0,0),
	(962,'FRACC','MONTEALBAN','M√âRIDA','YUCAT√ÅN',0,0),
	(963,'FRACC','ALGARROBOS DESARROLLO RESIDENCIAL','M√âRIDA','YUCAT√ÅN',0,0),
	(964,'FRACC','EL ROBLE AREA LIBRE','M√âRIDA','YUCAT√ÅN',0,0),
	(965,'FRACC','ROYAL DEL PARQUE','M√âRIDA','YUCAT√ÅN',0,0),
	(966,'COL','PROLONGACION DEL PASEO DE MONTEJO','M√âRIDA','YUCAT√ÅN',0,0),
	(967,'COL','GARCIA GINERES(PENSIONES)','M√âRIDA','YUCAT√ÅN',0,0),
	(968,'COL','EMILIANO ZAPATA SUR I Y II','MERIDA MARG','YUCATAN',0,0),
	(969,'FRACC','SENORIAL','M√âRIDA','YUCAT√ÅN',0,0),
	(970,'FRACC','GIRASOLES DE OPICHEN ( ETAPA I )','M√âRIDA','YUCAT√ÅN',0,0),
	(971,'FRACC','RESIDENCIAL PENSIONES IV ETAPA','M√âRIDA','YUCAT√ÅN',0,0),
	(972,'COL','MONTEBELLO','M√âRIDA','YUCAT√ÅN',0,0),
	(973,'COL','MIGUEL HIDALGO (VACA FELIZ)','M√âRIDA','YUCAT√ÅN',0,0),
	(974,'FRACC','UNIDAD HABITACIONAL LAZARO CARDENAS','M√âRIDA','YUCAT√ÅN',0,0),
	(975,'FRACC','GIRASOLES DE OPICHEN (ETAPA II)','M√âRIDA','YUCAT√ÅN',0,0),
	(976,'COL','CHUBURNA DE HIDALGO ( LA FLORESTA )','M√âRIDA','YUCAT√ÅN',0,0),
	(977,'COL','SIERRA PAPACAL','M√âRIDA','YUCAT√ÅN',0,0),
	(978,'COL','CHICHI SUAREZ','M√âRIDA','YUCAT√ÅN',0,0),
	(979,'FRACC','LOMAS RESIDENCIAL CHUBURNA','M√âRIDA','YUCAT√ÅN',0,0),
	(980,'COL','AMPLIACION FRANCISCO VILLA ORIENTE','M√âRIDA','YUCAT√ÅN',0,0),
	(981,'COL','PRIVADA SODZIL CENTRO','M√âRIDA','YUCAT√ÅN',0,0),
	(982,'COL','MUNICIPIO DE MERIDA','M√âRIDA','YUCAT√ÅN',0,0),
	(983,'FRACC','UNIDAD MORELOS II','M√âRIDA','YUCAT√ÅN',0,0),
	(984,'FRACC','EMILIO PORTES GIL','M√âRIDA','YUCAT√ÅN',0,0),
	(985,'COL','ROBLE AGRICOLA V','M√âRIDA','YUCAT√ÅN',0,0),
	(986,'FRACC','SAN FRANCISCO CHUBURNA II','M√âRIDA','YUCAT√ÅN',0,0),
	(987,'COL','AMP. EMILIANO ZAPATA SUR I','M√âRIDA','YUCAT√ÅN',0,0),
	(988,'COL','YUCALPETEN','M√âRIDA','YUCAT√ÅN',0,0),
	(989,'FRACC','VILLAS QUETZAL','M√âRIDA','YUCAT√ÅN',0,0),
	(990,'COL','SAN VICENTE CHUBURNA','M√âRIDA','YUCAT√ÅN',0,0),
	(991,'FRACC','GONZALO GUERRERO','M√âRIDA','YUCAT√ÅN',0,0),
	(992,'COL','RESIDENCIAL MONTECRISTO','M√âRIDA','YUCAT√ÅN',0,0),
	(993,'FRACC','CIUDAD CAUCEL II','M√âRIDA','YUCAT√ÅN',0,0),
	(994,'FRACC','PARAISO CAUCEL','M√âRIDA','YUCAT√ÅN',0,0),
	(995,'FRACC','CAUCEL II','M√âRIDA','YUCAT√ÅN',0,0),
	(996,'FRACC','VILLA CAUCEL','M√âRIDA','YUCAT√ÅN',0,0),
	(997,'FRACC','JOSE MARIA ITURRALDE (LAS AGUILAS)','M√âRIDA','YUCAT√ÅN',0,0),
	(998,'FRACC','GIRASOLES DE OPICHEN (PRIMERA ETAPA)','M√âRIDA','YUCAT√ÅN',0,0),
	(999,'COL','JARDINES DE NUEVA MULSAY III','M√âRIDA','YUCAT√ÅN',0,0),
	(1000,'FRACC','VILLAS DEL MAYAB','M√âRIDA','YUCAT√ÅN',0,0),
	(1001,'COL','AMPLIACION GRANJAS','M√âRIDA','YUCAT√ÅN',0,0),
	(1002,'FRACC','YUCALPETEN (CAMARA DE COMERCIO)','M√âRIDA','YUCAT√ÅN',0,0),
	(1003,'FRACC','HACIENDA SAN ANTONIO CUCUL','M√âRIDA','YUCAT√ÅN',0,0),
	(1004,'FRACC','SAN LORENZO ZACATAL','M√âRIDA','YUCAT√ÅN',0,0),
	(1005,'FRACC','SAN VICENTE ORIENTE II','M√âRIDA','YUCAT√ÅN',0,0),
	(1006,'COL','LA HACIENDA','M√âRIDA','YUCAT√ÅN',0,0),
	(1007,'COL','CENTRO CAUCEL','M√âRIDA','YUCAT√ÅN',0,0),
	(1008,'FRACC','LAS BRISAS','M√âRIDA','YUCAT√ÅN',0,0),
	(1009,'FRACC','ANTONIA JIMENEZ TRAVA II','M√âRIDA','YUCAT√ÅN',0,0),
	(1010,'FRACC','POLIGONO 108 CTM','M√âRIDA','YUCAT√ÅN',0,0),
	(1011,'FRACC','UNIDAD HABITACIONAL CTM (POLIGONO 108)','M√âRIDA','YUCAT√ÅN',0,0),
	(1012,'COL','LIRIOS III CHUBURNA DE HIDALGO','M√âRIDA','YUCAT√ÅN',0,0),
	(1013,'FRACC','EL PRADO CHUBURNA','M√âRIDA','YUCAT√ÅN',0,0),
	(1014,'COL','EX PLANTEL MEXICO','M√âRIDA','YUCAT√ÅN',0,0),
	(1015,'COL','FIDEL VELAZQUEZ','M√âRIDA','YUCAT√ÅN',0,0),
	(1016,'COL','LUIS ECHEVERRIA ALVAREZ','M√âRIDA','YUCAT√ÅN',0,0),
	(1017,'COL','UNIDAD HABITACIONAL CTM','M√âRIDA','YUCAT√ÅN',0,0),
	(1018,'COL','AV. CUPULES','M√âRIDA','YUCAT√ÅN',0,0),
	(1019,'COL','EMILIANO ZAPATA SUR I','M√âRIDA','YUCAT√ÅN',0,0),
	(1020,'COL','ANTORCHISTAS SAN CAMILO','M√âRIDA','YUCAT√ÅN',0,0),
	(1021,'COL','AMPLIACION PINOS DEL NORTE','M√âRIDA','YUCAT√ÅN',0,0),
	(1022,'COL','LA FINCA DE MULCHECHEN','M√âRIDA','YUCAT√ÅN',0,0),
	(1023,'FRACC','GRAN SANTA FE ETAPA 1','M√âRIDA','YUCAT√ÅN',0,0),
	(1024,'FRACC','GRAN SANTA FE PRIVADA LAS ARECAS','M√âRIDA','YUCAT√ÅN',0,0),
	(1025,'FRACC','SAN ANTONIO RESIDENCIAL','M√âRIDA','YUCAT√ÅN',0,0),
	(1026,'FRACC','REVOLUCION','M√âRIDA','YUCAT√ÅN',0,0),
	(1027,'FRACC','GRAN HERRADURA NORTE','M√âRIDA','YUCAT√ÅN',0,0),
	(1028,'FRACC','SANTA RITA','M√âRIDA','YUCAT√ÅN',0,0),
	(1029,'COL','NUEVA ALEMAN','M√âRIDA','YUCAT√ÅN',0,0),
	(1030,'FRACC','BICENTENARIO','M√âRIDA','YUCAT√ÅN',0,0),
	(1031,'FRACC','BICENTENARIO TIXCACAL','M√âRIDA','YUCAT√ÅN',0,0),
	(1032,'FRACC','LOS ANGELES DE LA AMPLIACION JUAN PABLO II','M√âRIDA','YUCAT√ÅN',0,0),
	(1033,'FRACC','BENITO JUAREZ','M√âRIDA','YUCAT√ÅN',0,0),
	(1034,'FRACC','VILLAS PRADO CHUBURNA','M√âRIDA','YUCAT√ÅN',0,0),
	(1035,'COL','CENTRO POBLACION CAUCEL','CAUCEL','YUCAT√ÅN',0,0),
	(1036,'FRACC','AMPLIACION HECTOR VICTORIA','M√âRIDA','YUCAT√ÅN',0,0),
	(1037,'FRACC','MONARCAS DE CHOLUL','M√âRIDA','YUCAT√ÅN',0,0),
	(1038,'FRACC','ZONA DORADA II MIGUEL HIDALGO','M√âRIDA','YUCAT√ÅN',0,0),
	(1039,'COL','EMILIANO ZAPATA','M√âRIDA','YUCAT√ÅN',0,0),
	(1040,'COL','NUEVA MULCHECHEN','M√âRIDA','YUCAT√ÅN',0,0),
	(1041,'FRACC','XO TIK','M√âRIDA','YUCAT√ÅN',0,0),
	(1042,'COL','EL RENACIMIENTO','M√âRIDA','YUCAT√ÅN',0,0),
	(1043,'FRACC','DZOYOLA','M√âRIDA','YUCAT√ÅN',0,0),
	(1044,'FRACC','GRACIANO RICALDE','M√âRIDA','YUCAT√ÅN',0,0),
	(1045,'FRACC','NUEVA SAN JOSE TECOH III','MERIDA MARG','YUCATAN',0,0),
	(1046,'COL','SAN JOSE TECOH III','M√âRIDA','YUCAT√ÅN',0,0),
	(1047,'COL','NUEVA SAN JOSE TECOH III','M√âRIDA','YUCAT√ÅN',0,0),
	(1048,'FRACC','SAN MARCELO','M√âRIDA','YUCAT√ÅN',0,0),
	(1049,'COL','BOSQUES DE ALTABRISA','M√âRIDA','YUCAT√ÅN',0,0),
	(1050,'COL','MULCHECHEN (LA FINCA DE MULCHECHEN)','M√âRIDA','YUCAT√ÅN',0,0),
	(1051,'COL','PRIVADA DEL SOL','M√âRIDA','YUCAT√ÅN',0,0),
	(1052,'FRACC','BRIDEC CIUDAD INDUSTRIAL','M√âRIDA','YUCAT√ÅN',0,0),
	(1053,'FRACC','PALMAS DE MONTECRISTO','M√âRIDA','YUCAT√ÅN',0,0),
	(1054,'COL','LA CEIBA','M√âRIDA','YUCAT√ÅN',0,0),
	(1055,'FRACC','LA FINCA DE MULCHECHEN','M√âRIDA','YUCAT√ÅN',0,0),
	(1056,'COL','EX PLANTEL SAN JOSE','M√âRIDA','YUCAT√ÅN',0,0),
	(1057,'COL','FLOR DE MAYO 2DA ETAPA','M√âRIDA','YUCAT√ÅN',0,0),
	(1058,'COL','PASEO DE PENSIONES','M√âRIDA','YUCAT√ÅN',0,0),
	(1059,'FRACC','CAMPESTRE DE LA COL. MEXICO','M√âRIDA','YUCAT√ÅN',0,0),
	(1060,'COL','SALVADOR ALVARADO','M√âRIDA','YUCAT√ÅN',0,0),
	(1061,'COL','MIGUEL ALEMAN (NUEVA ALEMAN)','M√âRIDA','YUCAT√ÅN',0,0),
	(1062,'COL','SAN VICENTE (VILLAS HDA. CHENKU)','M√âRIDA','YUCAT√ÅN',0,0),
	(1063,'FRACC','JUAN PABLO II (RENACIMIENTO)','M√âRIDA','YUCAT√ÅN',0,0),
	(1064,'FRACC','LA FINCA DE MULCHECHEN II','M√âRIDA','YUCAT√ÅN',0,0),
	(1065,'FRACC','BRISAS DEL BOSQUE ITZIMNA 108','M√âRIDA','YUCAT√ÅN',0,0),
	(1066,'COL','PRIVADA CLUB DE GOLF XCANATUN','M√âRIDA','YUCAT√ÅN',0,0),
	(1067,'FRACC','XCOM','M√âRIDA','YUCAT√ÅN',0,0),
	(1068,'FRACC','PUERTA DEL SOL','M√âRIDA','YUCAT√ÅN',0,0),
	(1069,'COL','AMPLIACION CERRITO MULCHECHEN','M√âRIDA','YUCAT√ÅN',0,0),
	(1070,'COL','CHOLUL','M√âRIDA','YUCAT√ÅN',0,0),
	(1071,'FRACC','GRAN HERRADURA SUR','M√âRIDA','YUCAT√ÅN',0,0),
	(1072,'COL','AMPLIACION LINDA VISTA II','M√âRIDA','YUCAT√ÅN',0,0),
	(1073,'COL','COMISARIA XMATKUIL','M√âRIDA','YUCAT√ÅN',0,0),
	(1074,'COL','XMATKUIL','M√âRIDA','YUCAT√ÅN',0,0),
	(1075,'FRACC','UNIDAD HABITACIONAL MORELOS II','M√âRIDA','YUCAT√ÅN',0,0),
	(1076,'FRACC','ALGARROBOS - PRIVADA PORTO BELO (2DA. ETAPA)','M√âRIDA','YUCAT√ÅN',0,0),
	(1077,'FRACC','ARBORETTOS','M√âRIDA','YUCAT√ÅN',0,0),
	(1078,'FRACC','REAL DE DZITYA','M√âRIDA','YUCAT√ÅN',0,0),
	(1079,'FRACC','RESIDENCIALCAMPESTRE VILADIU','M√âRIDA','YUCAT√ÅN',0,0),
	(1080,'FRACC','FRANCISCO DE MONTEJO IV ETAPA','M√âRIDA','YUCAT√ÅN',0,0),
	(1081,'COL','JARDINES DE MULCHECHEN','M√âRIDA','YUCAT√ÅN',0,0),
	(1082,'FRACC','EL SECRETO; PRIV MANANTIALES DE COCOYOLES','M√âRIDA','YUCAT√ÅN',0,0),
	(1083,'COL','SANTA GERTRUDIS PRIVADA RESIDENCIAL','M√âRIDA','YUCAT√ÅN',0,0),
	(1084,'FRACC','PRIVADA MONTE REAL','M√âRIDA','YUCAT√ÅN',0,0),
	(1085,'FRACC','GRAN HERRADURA PONIENTE','M√âRIDA','YUCAT√ÅN',0,0),
	(1086,'FRACC','CAUCEL II (VIVA 748)','M√âRIDA','YUCAT√ÅN',0,0),
	(1087,'COL','MEXICO (SAN ANTONIO CINTA)','M√âRIDA','YUCAT√ÅN',0,0),
	(1088,'FRACC','VILLAS TIXCACAL','M√âRIDA','YUCAT√ÅN',0,0),
	(1089,'COL','AMPLIACION TIXCACAL','M√âRIDA','YUCAT√ÅN',0,0),
	(1090,'COL','GRAN SAN PEDRO CHOLUL','M√âRIDA','YUCAT√ÅN',0,0),
	(1091,'FRACC','LAS BRISAS DE MERIDA','M√âRIDA','YUCAT√ÅN',0,0),
	(1092,'COL','LAS PALMAS','M√âRIDA','YUCAT√ÅN',0,0),
	(1093,'FRACC','CONDOMINIO ALLEGRA','M√âRIDA','YUCAT√ÅN',0,0),
	(1094,'FRACC','VILLA BONITA','M√âRIDA','YUCAT√ÅN',0,0),
	(1095,'FRACC','AMPLIACION PLAN DE AYALA (VILLAS DEL SOL)','M√âRIDA','YUCAT√ÅN',0,0),
	(1096,'FRACC','REAL SAN JOSE','M√âRIDA','YUCAT√ÅN',0,0),
	(1097,'FRACC','RESIDENCIAL LAS AGUILAS','M√âRIDA','YUCAT√ÅN',0,0),
	(1098,'COL','NICTE-HA','M√âRIDA','YUCAT√ÅN',0,0),
	(1099,'FRACC','AVENIDA YUCATAN','M√âRIDA','YUCAT√ÅN',0,0),
	(1100,'COL','PLANTEL MEXICO PONIENTE','M√âRIDA','YUCAT√ÅN',0,0),
	(1101,'FRACC','GRAN SANTA FE III','M√âRIDA','YUCAT√ÅN',0,0),
	(1102,'FRACC','CHUBURNA (LA NORIA II )','M√âRIDA','YUCAT√ÅN',0,0),
	(1103,'FRACC','RESIDENCIAL PENSIONES III','M√âRIDA','YUCAT√ÅN',0,0),
	(1104,'FRACC','U.H. REVOLUCION','M√âRIDA','YUCAT√ÅN',0,0),
	(1105,'FRACC','PALMA REAL MULCHECHEN','M√âRIDA','YUCAT√ÅN',0,0),
	(1106,'FRACC','CORDELEROS DE YUCATAN','M√âRIDA','YUCAT√ÅN',0,0),
	(1107,'FRACC',' MORELOS','M√âRIDA','YUCAT√ÅN',0,0),
	(1108,'COL','CENTRO XMATKUIL','M√âRIDA','YUCAT√ÅN',0,0),
	(1109,'FRACC','CHUBURNA INN 1','M√âRIDA','YUCAT√ÅN',0,0),
	(1110,'FRACC','CD. CAUCEL SECC. HACIENDA CAUCEL','M√âRIDA','YUCAT√ÅN',0,0),
	(1111,'FRACC','RESIDENCIAL DEL MAYAB','M√âRIDA','YUCAT√ÅN',0,0),
	(1112,'COL','AMPLIACION JUAN PABLO II','M√âRIDA','YUCAT√ÅN',0,0),
	(1113,'COL','SAN JOSE CHUBURNA I','M√âRIDA','YUCAT√ÅN',0,0),
	(1114,'FRACC','ALGARROBOS PRIVADA PORTO BELO (1RA. ETAPA)','M√âRIDA','YUCAT√ÅN',0,0),
	(1115,'FRACC','RESIDENCIAL XCANATUN','M√âRIDA','YUCAT√ÅN',0,0),
	(1116,'FRACC','AUREA','M√âRIDA','YUCAT√ÅN',0,0),
	(1117,'COL','XELPAC','M√âRIDA','YUCAT√ÅN',0,0),
	(1118,'COL','RESIDENCIAL DEL NORTE (JARDINES DE PENSIONES)','M√âRIDA','YUCAT√ÅN',0,0),
	(1119,'COL','CHUBURNA (ARBOLEDAS)','M√âRIDA','YUCAT√ÅN',0,0),
	(1120,'COL','COM.CAUCEL','M√âRIDA','YUCAT√ÅN',0,0),
	(1121,'FRACC','AMPLIACION JUAN PABLO II (SANTA FE)','M√âRIDA','YUCAT√ÅN',0,0),
	(1122,'FRACC','HOGARES C.D CAUCEL','M√âRIDA','YUCAT√ÅN',0,0),
	(1123,'FRACC','IXCOM (AMPLIACION MIGUEL HIDALGO)','M√âRIDA','YUCAT√ÅN',0,0),
	(1124,'COL','MORELOS','M√âRIDA','YUCAT√ÅN',0,0),
	(1125,'FRACC','JOAQUIN CEBALLOS MIMENZA (TANLUM)','M√âRIDA','YUCAT√ÅN',0,0),
	(1126,'FRACC','UNIDAD MORELOS ORIENTE','M√âRIDA','YUCAT√ÅN',0,0),
	(1127,'COL','OBRERA (LAS PALMERAS III)','M√âRIDA','YUCAT√ÅN',0,0),
	(1128,'COL','COM.TAMANCHE','M√âRIDA','YUCAT√ÅN',0,0),
	(1129,'FRACC','(VILLA CAUCEL III)','M√âRIDA','YUCAT√ÅN',0,0),
	(1130,'FRACC','U.H. REVOLUCION (CORDEMEX)','M√âRIDA','YUCAT√ÅN',0,0),
	(1131,'FRACC','SAN MARCOS','M√âRIDA','YUCAT√ÅN',0,0),
	(1132,'COL','VILLAS DEL SOL','M√âRIDA','YUCAT√ÅN',0,0),
	(1133,'FRACC','ESTRELLA DEL SUR','M√âRIDA','YUCAT√ÅN',0,0),
	(1134,'FRACC','J. PABLO II ORQUIDEAS','M√âRIDA','YUCAT√ÅN',0,0),
	(1135,'FRACC','CIELOALTO','M√âRIDA','YUCAT√ÅN',0,0),
	(1136,'FRACC','PORTO (PRIVADA PORTO)','M√âRIDA','YUCAT√ÅN',0,0),
	(1137,'COL','RESIDENCIAL ARBORETTOS','M√âRIDA','YUCAT√ÅN',0,0),
	(1138,'FRACC','EL ROBLE','M√âRIDA','YUCAT√ÅN',0,0),
	(1139,'FRACC','PRIVADA DEL PARQUE (CHUBURNA)','M√âRIDA','YUCAT√ÅN',0,0),
	(1140,'FRACC','SAN GABRIEL TULIPANES','M√âRIDA','YUCAT√ÅN',0,0),
	(1141,'COL','ROBLE AGRICOLA I','M√âRIDA','YUCAT√ÅN',0,0),
	(1142,'FRACC','REAL CAUCEL','M√âRIDA','YUCAT√ÅN',0,0),
	(1143,'FRACC','CINCO COLONIAS','M√âRIDA','YUCAT√ÅN',0,0),
	(1144,'FRACC','GRAN SANTA FE NORTE','M√âRIDA','YUCAT√ÅN',0,0),
	(1145,'FRACC','LAS MAGNOLIAS CHUBURNA','M√âRIDA','YUCAT√ÅN',0,0),
	(1146,'FRACC','LAS MAGNOLIAS','M√âRIDA','YUCAT√ÅN',0,0),
	(1147,'FRACC','GIRASOLES DE OPICHEN (SEGUNDA ETAPA)','M√âRIDA','YUCAT√ÅN',0,0),
	(1148,'COL','XOCLAN SANTOS (LAS QUINTAS I)','M√âRIDA','YUCAT√ÅN',0,0),
	(1149,'FRACC','AMPLIACION JUAN PABLO II (CIPRESES)','M√âRIDA','YUCAT√ÅN',0,0),
	(1150,'FRACC','LAS PALMERAS (PRIMERA ETAPA)','M√âRIDA','YUCAT√ÅN',0,0),
	(1151,'FRACC','LA CIUDADELA','M√âRIDA','YUCAT√ÅN',0,0),
	(1152,'FRACC','PARAISO CAUCEL III','M√âRIDA','YUCAT√ÅN',0,0),
	(1153,'COL','CECILIO CHI (ANDRES QUINTANA ROO)','M√âRIDA','YUCAT√ÅN',0,0),
	(1154,'FRACC','SAN FRANCISCO DE CHUBURNA DE HIDALGO','M√âRIDA','YUCAT√ÅN',0,0),
	(1155,'FRACC','SIAN KAAN','M√âRIDA','YUCAT√ÅN',0,0),
	(1156,'COL','COMISARIA DE CHOLUL','M√âRIDA','YUCAT√ÅN',0,0),
	(1157,'FRACC','FRANCISCO DE MONTEJO SEGUNDA ETAPA','M√âRIDA','YUCAT√ÅN',0,0),
	(1158,'FRACC','PARQUE INDUSTRIAL YUCATAN','M√âRIDA','YUCAT√ÅN',0,0),
	(1159,'FRACC','EL CORTIJO II (CHUBURNA)','M√âRIDA','YUCAT√ÅN',0,0),
	(1160,'COL','CHUBURNA (LA NORIA II )','M√âRIDA','YUCAT√ÅN',0,0),
	(1161,'FRACC','CD CAUCEL II (LOS ALMENDROS III)','M√âRIDA','YUCAT√ÅN',0,0),
	(1162,'FRACC','ESTRELLA DEL SUR II','M√âRIDA','YUCAT√ÅN',0,0),
	(1163,'FRACC','LOS ANGELES II AMP.JUAN PABLO II','M√âRIDA','YUCAT√ÅN',0,0),
	(1164,'FRACC',' BOULEVARES','M√âRIDA','YUCAT√ÅN',0,0),
	(1165,'FRACC','BOULEVARES DE CHUBURNA','M√âRIDA','YUCAT√ÅN',0,0),
	(1166,'FRACC','VILLAS DE TIXCACAL','M√âRIDA','YUCAT√ÅN',0,0),
	(1167,'FRACC','RESIDENCIAL PENSIONES IV','M√âRIDA','YUCAT√ÅN',0,0),
	(1168,'FRACC','PALMAS PENSIONES','M√âRIDA','YUCAT√ÅN',0,0),
	(1169,'FRACC','SOLARES DE CAUCEL','M√âRIDA','YUCAT√ÅN',0,0),
	(1170,'FRACC','LAS PALMERAS (2A.ETAPA)','M√âRIDA','YUCAT√ÅN',0,0),
	(1171,'FRACC','SOL DIAMANTE','M√âRIDA','YUCAT√ÅN',0,0),
	(1172,'FRACC','VILLAS DE SAN VICENTE','M√âRIDA','YUCAT√ÅN',0,0),
	(1173,'FRACC','LAS FLORES II','M√âRIDA','YUCAT√ÅN',0,0),
	(1174,'COL','SAN LUIS SUR DZUNUNCAN','M√âRIDA','YUCAT√ÅN',0,0),
	(1175,'FRACC','FLORESTA RESIDENCIAL','M√âRIDA','YUCAT√ÅN',0,0),
	(1176,'FRACC','PIEDRA DE DZITYA','M√âRIDA','YUCAT√ÅN',0,0),
	(1177,'FRACC','CIUDAD CAUCEL VIVA','M√âRIDA','YUCAT√ÅN',0,0),
	(1178,'FRACC','LOMAS DE KANASIN II','M√âRIDA','YUCAT√ÅN',0,0),
	(1179,'FRACC','PEDREGALES LAS AMERICAS','M√âRIDA','YUCAT√ÅN',0,0),
	(1180,'FRACC','CAUCEL NORTE','M√âRIDA','YUCAT√ÅN',0,0),
	(1181,'FRACC','RESIDENCIAL CHACTE','M√âRIDA','YUCAT√ÅN',0,0),
	(1182,'COL','MULCHECHEN CAMPESTRE','M√âRIDA','YUCAT√ÅN',0,0),
	(1183,'FRACC','SAN JOSE TULIPANES','M√âRIDA','YUCAT√ÅN',0,0),
	(1184,'FRACC','PASEO DEL CONQUISTADOR','M√âRIDA','YUCAT√ÅN',0,0),
	(1185,'COL','XOCLAN SANTOS (LAS QUINTAS MULSAY)','M√âRIDA','YUCAT√ÅN',0,0),
	(1186,'FRACC','FRANCISCO DE MONTEJO(VILLAS DEL BOSQUE)','M√âRIDA','YUCAT√ÅN',0,0),
	(1187,'FRACC','CAMPINAS DEL ORIENTE','M√âRIDA','YUCAT√ÅN',0,0),
	(1188,'FRACC','PARQUE NATURA RESIDENCIAL','M√âRIDA','YUCAT√ÅN',0,0),
	(1189,'FRACC','PRIVADA AVELLANEDA','M√âRIDA','YUCAT√ÅN',0,0),
	(1190,'FRACC','FONTANA','M√âRIDA','YUCAT√ÅN',0,0),
	(1191,'FRACC','RESIDENCIAL LAS AVES','M√âRIDA','YUCAT√ÅN',0,0),
	(1192,'FRACC','PARQUE CENTRAL','M√âRIDA','YUCAT√ÅN',0,0),
	(1193,'COL','RESIDENCIAL PENSIONES','M√âRIDA','YUCAT√ÅN',0,0),
	(1194,'FRACC','SAN PEDRO NOH PAT','M√âRIDA','YUCAT√ÅN',0,0),
	(1195,'FRACC','AMPLIACION BOSQUES DE DZOYOLA IV','M√âRIDA','YUCAT√ÅN',0,0),
	(1196,'FRACC','JUAN PABLO II (CRUZ ALTA)','M√âRIDA','YUCAT√ÅN',0,0),
	(1197,'COL','TAMARINDOS','M√âRIDA','YUCAT√ÅN',0,0),
	(1198,'COL','VIA MONTEJO','M√âRIDA','YUCAT√ÅN',0,0),
	(1199,'FRACC','VILLA BONITA III','M√âRIDA','YUCAT√ÅN',0,0),
	(1200,'FRACC','NUEVA SAN JOSE','M√âRIDA','YUCAT√ÅN',0,0),
	(1201,'FRACC','DZITYA','M√âRIDA','YUCAT√ÅN',0,0),
	(1202,'FRACC','MISNE II SECCION VILLAS DE VERGEL','M√âRIDA','YUCAT√ÅN',0,0),
	(1203,'FRACC','CRUZ DEL SUR II','M√âRIDA','YUCAT√ÅN',0,0),
	(1204,'FRACC','PRIVADA AMANTEA','M√âRIDA','YUCAT√ÅN',0,0),
	(1205,'FRACC','LOS ANGELES (CAUCEL II)','M√âRIDA','YUCAT√ÅN',0,0),
	(1206,'FRACC','REYES DEL SUR','M√âRIDA','YUCAT√ÅN',0,0);

/*!40000 ALTER TABLE `catColonias` ENABLE KEYS */;
UNLOCK TABLES;


# Volcado de tabla eventos
# ------------------------------------------------------------

DROP TABLE IF EXISTS `eventos`;

CREATE TABLE `eventos` (
  `id` int(11) NOT NULL AUTO_INCREMENT,
  `nombre_evento` varchar(200) DEFAULT NULL,
  `estatus` int(11) DEFAULT NULL,
  PRIMARY KEY (`id`)
) ENGINE=InnoDB DEFAULT CHARSET=utf8;

LOCK TABLES `eventos` WRITE;
/*!40000 ALTER TABLE `eventos` DISABLE KEYS */;

INSERT INTO `eventos` (`id`, `nombre_evento`, `estatus`)
VALUES
	(1,'evento 1',1),
	(2,'evento 2',1);

/*!40000 ALTER TABLE `eventos` ENABLE KEYS */;
UNLOCK TABLES;


# Volcado de tabla gestiones
# ------------------------------------------------------------

DROP TABLE IF EXISTS `gestiones`;

CREATE TABLE `gestiones` (
  `idGestion` int(10) NOT NULL AUTO_INCREMENT,
  `fecha_captura` date NOT NULL,
  `fecha_entrega` date NOT NULL,
  `fecha_real_entrega` date DEFAULT NULL,
  `idSolicitante` int(11) NOT NULL,
  `idBeneficiario` int(11) NOT NULL,
  `idCategoria` int(11) NOT NULL,
  `idSubCategoria` int(11) NOT NULL,
  `calle` varchar(100) DEFAULT '',
  `num_ext` varchar(50) DEFAULT NULL,
  `num_int` varchar(50) DEFAULT NULL,
  `cruzamiento_1` varchar(50) DEFAULT NULL,
  `cruzamiento_2` varchar(50) DEFAULT NULL,
  `idColonia_entrega` int(11) NOT NULL,
  `detalles` varchar(200) NOT NULL DEFAULT '',
  `estatus` int(1) NOT NULL COMMENT '1 pendiente, 2 entregada, 3 Cancelada',
  `comentarios_extras` varchar(200) DEFAULT NULL COMMENT 'Estos Comentarios son para cuando se elimine o se finalize la gestion',
  `id_evento` int(11) NOT NULL,
  `lat_entrega` varchar(50) DEFAULT NULL,
  `lng_entrega` varchar(50) DEFAULT NULL,
  PRIMARY KEY (`idGestion`),
  KEY `idSolicitante` (`idSolicitante`),
  KEY `idBeneficiario` (`idBeneficiario`),
  KEY `idColonia_entrega` (`idColonia_entrega`),
  KEY `fk_id_evento` (`id_evento`)
) ENGINE=MyISAM DEFAULT CHARSET=latin1;

LOCK TABLES `gestiones` WRITE;
/*!40000 ALTER TABLE `gestiones` DISABLE KEYS */;

INSERT INTO `gestiones` (`idGestion`, `fecha_captura`, `fecha_entrega`, `fecha_real_entrega`, `idSolicitante`, `idBeneficiario`, `idCategoria`, `idSubCategoria`, `calle`, `num_ext`, `num_int`, `cruzamiento_1`, `cruzamiento_2`, `idColonia_entrega`, `detalles`, `estatus`, `comentarios_extras`, `id_evento`, `lat_entrega`, `lng_entrega`)
VALUES
	(1,'0000-00-00','0000-00-00','0000-00-00',0,0,0,0,'',NULL,NULL,NULL,NULL,0,'',0,NULL,0,NULL,NULL),
	(2,'2017-12-15','0000-00-00','0000-00-00',23,34,2,3,'nueva',NULL,NULL,NULL,NULL,138,'',2,'                                \n                            fghj',0,NULL,NULL),
	(3,'2017-12-15','0000-00-00','2017-12-18',23,34,2,3,'nueva',NULL,NULL,NULL,NULL,138,'',2,NULL,0,NULL,NULL),
	(4,'2017-12-15','2017-12-20','2017-12-18',23,34,2,3,'nueva',NULL,NULL,NULL,NULL,138,'',3,NULL,0,NULL,NULL),
	(5,'2017-12-15','2017-12-20','2017-12-18',23,34,2,3,'nueva',NULL,NULL,NULL,NULL,138,'',0,NULL,0,NULL,NULL),
	(6,'2017-12-15','2017-12-18','2017-12-18',31,29,2,4,'dlskmdspmds',NULL,NULL,NULL,NULL,32,'comentarios nuevos',1,NULL,0,NULL,NULL),
	(7,'2017-12-15','2017-12-18','2017-12-18',31,29,2,4,'dlskmdspmds',NULL,NULL,NULL,NULL,32,'comentarios nuevos',1,NULL,0,NULL,NULL),
	(8,'2017-12-15','2017-12-18','0000-00-00',2,1,2,3,'12 por 12 y 16',NULL,NULL,NULL,NULL,32,'nuevooososososooss',1,NULL,0,NULL,NULL),
	(9,'2017-12-15','2017-12-26','2017-12-18',1,23,1,2,'√É¬±olkjhgbjnmk',NULL,NULL,NULL,NULL,3,'fghjkl',1,NULL,0,NULL,NULL),
	(10,'2017-12-15','2017-12-21','2017-12-18',27,1,1,2,' 12 por 12 y 16',NULL,NULL,NULL,NULL,32,'gfhjkl√É¬±',1,NULL,0,NULL,NULL),
	(11,'2017-12-15','2017-12-26',NULL,27,28,2,3,'987656789',NULL,NULL,NULL,NULL,3,'edasdsaas',1,NULL,0,NULL,NULL),
	(12,'2017-12-15','2018-01-03',NULL,27,3,1,2,'',NULL,NULL,NULL,NULL,31,'',1,NULL,0,NULL,NULL),
	(13,'2017-12-15','2017-12-28',NULL,27,1,2,3,' 12 por 12 y 16',NULL,NULL,NULL,NULL,32,'',1,NULL,0,NULL,NULL),
	(14,'2017-12-15','2017-12-27',NULL,27,23,2,3,'√É¬±olkjhgbjnmk',NULL,NULL,NULL,NULL,3,'',1,NULL,0,NULL,NULL),
	(15,'2017-12-15','2018-01-03',NULL,27,23,2,3,'√É¬±olkjhgbjnmk',NULL,NULL,NULL,NULL,3,'awsdadas',1,NULL,0,NULL,NULL),
	(16,'2017-12-15','2018-02-05',NULL,29,29,1,2,'dlskmdspmds',NULL,NULL,NULL,NULL,32,'',1,NULL,0,NULL,NULL),
	(17,'2017-12-22','2017-12-20','0000-00-00',27,27,1,1,'98767890',NULL,NULL,NULL,NULL,3,'comentarios',3,'                                \n                            ghjk',0,NULL,NULL),
	(18,'2017-12-23','2017-12-18','0000-00-00',29,29,2,4,'dlskmdspmds',NULL,NULL,NULL,NULL,32,'Lorem ipsum dolor sit amet, consectetur adipisicing elit. Dolores vel nisi velit excepturi? Quos labore, sint praesentium aperiam dolore hic voluptatibus nobis perferendis rem fuga excepturi est labor',3,'elimnada por x motivo',0,NULL,NULL),
	(19,'2018-01-09','2018-01-16','2018-01-09',29,29,2,6,'dlskmdspmds',NULL,NULL,NULL,NULL,33,'hjiop',2,'ssssss',0,NULL,NULL),
	(20,'2018-01-22','2018-01-25','0000-00-00',29,29,1,9,'dlskmdspmds',NULL,NULL,NULL,NULL,32,'sdasdds',2,'',0,NULL,NULL),
	(21,'2018-01-09','2018-02-06','2018-01-09',29,29,2,6,'dlskmdspmds',NULL,NULL,NULL,NULL,32,'asds',2,'aSSSA',0,NULL,NULL),
	(22,'2018-01-12','2018-01-09','0000-00-00',29,29,2,6,'dlskmdspmds',NULL,NULL,NULL,NULL,32,'buevaa',1,'',1,NULL,NULL),
	(23,'2018-01-15','2018-01-21','0000-00-00',27,27,2,6,'98767890',NULL,NULL,NULL,NULL,3,'slsajsa',2,'',2,NULL,NULL),
	(24,'2018-01-06','2018-02-08','0000-00-00',39,39,2,6,'105','443d','123','52A','54',31,'sssss',1,'',1,'20.94029556285381','-89.62327939682007');

/*!40000 ALTER TABLE `gestiones` ENABLE KEYS */;
UNLOCK TABLES;


# Volcado de tabla ocupaciones
# ------------------------------------------------------------

DROP TABLE IF EXISTS `ocupaciones`;

CREATE TABLE `ocupaciones` (
  `id` int(11) NOT NULL AUTO_INCREMENT,
  `nombre_ocupacion` varchar(100) NOT NULL,
  PRIMARY KEY (`id`)
) ENGINE=InnoDB DEFAULT CHARSET=utf8;

LOCK TABLES `ocupaciones` WRITE;
/*!40000 ALTER TABLE `ocupaciones` DISABLE KEYS */;

INSERT INTO `ocupaciones` (`id`, `nombre_ocupacion`)
VALUES
	(1,'Estudiante'),
	(2,'Ama de Casa'),
	(3,'Empleado Obrero');

/*!40000 ALTER TABLE `ocupaciones` ENABLE KEYS */;
UNLOCK TABLES;


# Volcado de tabla permiso
# ------------------------------------------------------------

DROP TABLE IF EXISTS `permiso`;

CREATE TABLE `permiso` (
  `idpermiso` int(10) NOT NULL AUTO_INCREMENT,
  `nompermiso` varchar(30) NOT NULL,
  `clavepermiso` varchar(30) NOT NULL,
  PRIMARY KEY (`idpermiso`)
) ENGINE=MyISAM DEFAULT CHARSET=latin1;

LOCK TABLES `permiso` WRITE;
/*!40000 ALTER TABLE `permiso` DISABLE KEYS */;

INSERT INTO `permiso` (`idpermiso`, `nompermiso`, `clavepermiso`)
VALUES
	(1,'Agregar','AGR'),
	(2,'Modificar','MDR'),
	(3,'Eliminar','ELR');

/*!40000 ALTER TABLE `permiso` ENABLE KEYS */;
UNLOCK TABLES;


# Volcado de tabla personas
# ------------------------------------------------------------

DROP TABLE IF EXISTS `personas`;

CREATE TABLE `personas` (
  `idpersona` int(10) NOT NULL AUTO_INCREMENT,
  `nombres` varchar(30) NOT NULL,
  `apellidopat` varchar(30) NOT NULL,
  `apellidomat` varchar(30) NOT NULL,
  `fecha_nac` date NOT NULL,
  `edad` int(10) NOT NULL,
  `sexo` varchar(10) NOT NULL,
  `telefono` varchar(10) NOT NULL,
  `celular` varchar(10) NOT NULL,
  `calle` varchar(30) NOT NULL DEFAULT '',
  `num_ext` varchar(11) DEFAULT NULL,
  `num_int` varchar(11) DEFAULT NULL,
  `cruzamiento_1` varchar(11) DEFAULT NULL,
  `cruzamiento_2` varchar(11) DEFAULT NULL,
  `clave_elec` varchar(30) NOT NULL,
  `fecha_ingreso` date NOT NULL,
  `id_ocupacion` int(11) NOT NULL,
  `id_colonia` int(11) DEFAULT NULL,
  `es_militante` int(11) DEFAULT NULL,
  PRIMARY KEY (`idpersona`),
  UNIQUE KEY `uniq_cve_elector` (`clave_elec`),
  KEY `fk_id_ocupacion` (`id_ocupacion`)
) ENGINE=MyISAM DEFAULT CHARSET=latin1;

LOCK TABLES `personas` WRITE;
/*!40000 ALTER TABLE `personas` DISABLE KEYS */;

INSERT INTO `personas` (`idpersona`, `nombres`, `apellidopat`, `apellidomat`, `fecha_nac`, `edad`, `sexo`, `telefono`, `celular`, `calle`, `num_ext`, `num_int`, `cruzamiento_1`, `cruzamiento_2`, `clave_elec`, `fecha_ingreso`, `id_ocupacion`, `id_colonia`, `es_militante`)
VALUES
	(1,'erika','gorocica','rodriguez','1994-04-17',23,'Masculino','9999680244','9999680244','calle 12 por 12 y 16',NULL,NULL,NULL,NULL,'fregsgvnsv','2017-01-01',0,32,NULL),
	(2,'erika','rodriguez','','0000-00-00',0,'','','','',NULL,NULL,NULL,NULL,'','0000-00-00',0,2,NULL),
	(3,'rodrigo','victoria','olalde','1994-02-01',0,'M','1234567890','1234567890','calle 10234567543212345654 v d',NULL,NULL,NULL,NULL,'123456789','2017-12-12',0,73,NULL),
	(4,'irvin','vazquez','albornoz','1197-03-01',0,'M','8765434567','5678987654','calle 106 ',NULL,NULL,NULL,NULL,'987654321','2017-12-13',0,31,NULL),
	(5,'Gago','Albornoz','vazquez','0000-00-00',0,'M','9876543234','1234567890','cfghvbjnkkljhgfcvhbjn',NULL,NULL,NULL,NULL,'9876567890','2017-12-13',0,659,NULL),
	(6,'guadalupe','Gomez','Chan','0000-00-00',0,'F','345678','4567898765','calle 333 x 33 y 35',NULL,NULL,NULL,NULL,'1234567','2017-12-14',0,73,NULL),
	(7,'juan ','vera','Cabranes','1198-03-02',0,'M','345678','345678765','cale dsnosiandioasdas2332',NULL,NULL,NULL,NULL,'123454321','2017-12-15',0,191,NULL),
	(8,'juan','mendez','vargas','1991-03-02',0,'M','876545678','9876789098','sdfsdfsf',NULL,NULL,NULL,NULL,'987656789','2017-12-15',0,1015,NULL),
	(9,'elvia','rosado','alcocer','0000-00-00',0,'F','87656789','5456789876','sldksaiudbilyasd',NULL,NULL,NULL,NULL,'6767676766','2017-12-15',0,44,NULL),
	(10,'karina','vazquez','ceballos','1992-02-03',0,'F','111122221','9856787678','oubiuiyv',NULL,NULL,NULL,NULL,'8765456789','2017-12-15',0,31,NULL),
	(11,'maria','vazquez','uc','1198-09-01',0,'F','987656789','2223232323','sajdbasiudbiasdbdas',NULL,NULL,NULL,NULL,'8765678987','2017-12-15',0,2,NULL),
	(12,'naomi','Gorocica','Rodriguez','1999-03-02',0,'F','8765678','9876567890','liukyjthcvhbjnm',NULL,NULL,NULL,NULL,'87656786','2017-12-15',0,366,NULL),
	(13,'naomi','Gorocica','Rodriguez','1999-03-02',0,'F','8765678','9876567890','liukyjthcvhbjnm',NULL,NULL,NULL,NULL,'8765672286','2017-12-15',0,366,NULL),
	(14,'naomi','Gorocica','Rodriguez','1999-03-02',0,'F','8765678','9876567890','liukyjthcvhbjnm',NULL,NULL,NULL,NULL,'3765672286','2017-12-15',0,366,NULL),
	(15,'naomi','Gorocica','Rodriguez','1999-03-02',0,'F','8765678','9876567890','liukyjthcvhbjnm',NULL,NULL,NULL,NULL,'4765672286','2017-12-15',0,366,NULL),
	(16,'fatima','albornoz','vazquez','1991-02-03',0,'F','W32323223','2322323232','DSLNDSOINSD',NULL,NULL,NULL,NULL,'87656789999','2017-12-15',0,86,NULL),
	(17,'persona 1','prueba','prueba1','1993-01-02',0,'M','djdjjd','pewomdosin','sodiniusdfnuidfnb',NULL,NULL,NULL,NULL,'343484343','2017-12-15',0,2,NULL),
	(18,'osndib','ib','inu','1988-09-09',0,'M','dsf','iubniubn','ibniun',NULL,NULL,NULL,NULL,'oun','2017-12-15',0,3,NULL),
	(19,'rtyuiuy','trtyuiuyt','rtyuiuyt','1998-07-09',0,'F','lkhnm','9876890','kjghcvbjnkml',NULL,NULL,NULL,NULL,'7656765656','2017-12-15',0,2,NULL),
	(20,'ljkhgvb','nmkjhgvbnm','jhgvbnm','1888-05-09',0,'M','lkjmk,l','kjnjmkl√É¬±k','√É¬±lkjhjnmkl,',NULL,NULL,NULL,NULL,'kjhgvbjnmlkjhg','2017-12-15',0,19,NULL),
	(21,'nuevo ','oerons','8gubhjnk','1999-01-02',0,'M','jhnmkl√É¬±km','hbjkljnb','khbjnmk,l',NULL,NULL,NULL,NULL,'piojpj','2017-12-15',0,3,NULL),
	(22,'lkjhgfhjnkml,','sdsda','asdasdas','1666-06-09',0,'F','876789','jkhgfhjk','lkjhgjkl',NULL,NULL,NULL,NULL,'88888888','2017-12-15',0,3,NULL),
	(23,'erika','lkjhg','hjkjh','1998-09-19',0,'F','lkjnkjbnn','lkjhnbhjkl','√É¬±olkjhgbjnmk',NULL,NULL,NULL,NULL,'vblkjhg','2017-12-15',0,3,NULL),
	(24,'√É¬±ljkhgvbjnmk√É¬±l','√É¬±lkjmn','√É¬±lkjmnb','1999-09-07',0,'M','98765678','o76t78','√É¬±lkjbnk',NULL,NULL,NULL,NULL,'9876t','2017-12-15',0,67,NULL),
	(25,'mira','dnsdoind','oinoin','1667-07-03',0,'M','ikjhbv nm','lkjhbjnkm','jhbgnjmk,',NULL,NULL,NULL,NULL,'908768','2017-12-15',0,3,NULL),
	(26,'erka','987656789','okjhbjkp','1888-08-09',0,'M','lkjnbnmkl','√É¬±kmnbkl','okjbnmk',NULL,NULL,NULL,NULL,'kjbvbjkk','2017-12-15',0,2,NULL),
	(27,'erika','9878987jnk','kjb khb','1888-08-07',0,'M','888787767','9878787','98767890',NULL,NULL,NULL,NULL,'kjbkubjubj','2017-12-15',7676767,3,NULL),
	(28,'erika','lkjhg','hjklkjhg','1888-09-09',0,'F','jhjkl√É¬±l','jbkl','987656789',NULL,NULL,NULL,NULL,'jklkj','2017-12-15',0,3,NULL),
	(29,'irvin','dsad','asdasdasd','1999-02-09',0,'M','rtyuityui5','5678765','dlskmdspmds',NULL,NULL,NULL,NULL,'2323322323','2017-12-15',0,32,NULL),
	(30,'irvin','nuevo','apellido','1777-01-09',0,'M','lknujboub','lobbb','ljboubol',NULL,NULL,NULL,NULL,'876545678','2017-12-15',0,7,NULL),
	(31,'erika','nueva','segunda ap','1999-02-09',0,'M','765456789','432333343','sdsdsad',NULL,NULL,NULL,NULL,'clave eldctor','2017-12-15',0,186,NULL),
	(32,'irvin','nuevo ','segungo','1999-02-09',0,'M','uyt6787656','765678','domicilio',NULL,NULL,NULL,NULL,'claveee','2017-12-15',656789876,138,NULL),
	(33,'maria luisa','uc','pech','1111-02-02',0,'M','98767890','987656789','kjhvbnml√É¬±',NULL,NULL,NULL,NULL,'987898789','2017-12-15',9876567,2,NULL),
	(34,'nueva','nueva','nueva','1111-01-01',0,'M','nuevo','nuevo','nueva',NULL,NULL,NULL,NULL,'nueva','2017-12-15',0,138,NULL),
	(35,'juan ','bautista','segundo','1994-03-01',0,'M','9992720874','1234567654','s234567',NULL,NULL,NULL,NULL,'56765676567','2018-01-10',0,221,NULL),
	(36,'juan111','bautista','segundo','1994-03-01',0,'M','9992720874','1234567654','s234567',NULL,NULL,NULL,NULL,'56765676567ss','2018-01-10',0,221,NULL),
	(37,'lucero','Casanova','casanova','2017-02-01',0,'F','9992720874','jkhgfhjk','calle 239 # 223a x 34 y 36',NULL,NULL,NULL,NULL,'9876545678','2018-01-12',2,380,1),
	(38,'irvin','albornoz','vazquez1','1994-03-01',0,'M','9248938','9991564235','105','444D','12','52A','54','999999999999999','2018-01-15',1,31,1),
	(39,'irving','albornoz','uu','1994-03-01',0,'M','123456789','1234567890','105','443d','123','52A','54','12345678987654321','2018-01-15',3,31,1),
	(40,'ertyu','rtyu','frgthyuj','1993-03-02',0,'M','456789','4567897654','105','443D','19','52A','54','frgthyj','2018-01-15',1,31,1);

/*!40000 ALTER TABLE `personas` ENABLE KEYS */;
UNLOCK TABLES;


# Volcado de tabla rol
# ------------------------------------------------------------

DROP TABLE IF EXISTS `rol`;

CREATE TABLE `rol` (
  `idrol` int(10) NOT NULL AUTO_INCREMENT,
  `nomrol` varchar(30) NOT NULL,
  PRIMARY KEY (`idrol`)
) ENGINE=MyISAM DEFAULT CHARSET=latin1;

LOCK TABLES `rol` WRITE;
/*!40000 ALTER TABLE `rol` DISABLE KEYS */;

INSERT INTO `rol` (`idrol`, `nomrol`)
VALUES
	(1,'Capturista'),
	(2,'Administrador'),
	(3,'supervisor'),
	(4,'jefe');

/*!40000 ALTER TABLE `rol` ENABLE KEYS */;
UNLOCK TABLES;


# Volcado de tabla rolxpermiso
# ------------------------------------------------------------

DROP TABLE IF EXISTS `rolxpermiso`;

CREATE TABLE `rolxpermiso` (
  `idrol` int(10) NOT NULL,
  `idpermiso` int(10) NOT NULL
) ENGINE=MyISAM DEFAULT CHARSET=latin1;

LOCK TABLES `rolxpermiso` WRITE;
/*!40000 ALTER TABLE `rolxpermiso` DISABLE KEYS */;

INSERT INTO `rolxpermiso` (`idrol`, `idpermiso`)
VALUES
	(1,1),
	(2,1),
	(2,2),
	(4,3),
	(3,3),
	(3,2),
	(3,1);

/*!40000 ALTER TABLE `rolxpermiso` ENABLE KEYS */;
UNLOCK TABLES;


# Volcado de tabla subcat
# ------------------------------------------------------------

DROP TABLE IF EXISTS `subcat`;

CREATE TABLE `subcat` (
  `idsubcat` int(11) NOT NULL AUTO_INCREMENT,
  `nombre` varchar(30) NOT NULL,
  `descripcion` varchar(100) NOT NULL,
  `idtipog` int(11) NOT NULL,
  `estatus` int(11) DEFAULT NULL,
  PRIMARY KEY (`idsubcat`),
  UNIQUE KEY `uniq_id_subcat` (`idsubcat`)
) ENGINE=MyISAM DEFAULT CHARSET=latin1;

LOCK TABLES `subcat` WRITE;
/*!40000 ALTER TABLE `subcat` DISABLE KEYS */;

INSERT INTO `subcat` (`idsubcat`, `nombre`, `descripcion`, `idtipog`, `estatus`)
VALUES
	(1,'Silla de ruedasss','Met√É¬°lica',1,0),
	(2,'Silla de rueda','Met√É¬°lica',1,NULL),
	(3,'nueva ','nueva',2,NULL),
	(4,'sub cat ','nueva',2,NULL),
	(5,'nueva sssss','',2,1),
	(6,'nueva','',2,1),
	(7,'nueva','',0,1),
	(8,'ssss','',0,1),
	(9,'aaaasss','',1,1),
	(10,'sss','',0,1),
	(11,'ss','',1,0),
	(12,'s','',0,1),
	(13,'s','',0,1),
	(14,'ss','',0,1),
	(15,'ss','',0,1),
	(16,'sss','',0,1),
	(17,'ss','',1,0),
	(18,'sss','',2,0),
	(19,'nuevaaaa','',2,0),
	(20,'sub categoria','',9,1),
	(21,'nnn sss','',2,1);

/*!40000 ALTER TABLE `subcat` ENABLE KEYS */;
UNLOCK TABLES;


# Volcado de tabla tipo_gestion
# ------------------------------------------------------------

DROP TABLE IF EXISTS `tipo_gestion`;

CREATE TABLE `tipo_gestion` (
  `idtipog` int(11) NOT NULL AUTO_INCREMENT,
  `nombre` varchar(30) NOT NULL,
  `clave` varchar(30) NOT NULL,
  `estatus` int(11) DEFAULT NULL,
  PRIMARY KEY (`idtipog`),
  UNIQUE KEY `unik_id` (`idtipog`)
) ENGINE=MyISAM DEFAULT CHARSET=latin1;

LOCK TABLES `tipo_gestion` WRITE;
/*!40000 ALTER TABLE `tipo_gestion` DISABLE KEYS */;

INSERT INTO `tipo_gestion` (`idtipog`, `nombre`, `clave`, `estatus`)
VALUES
	(1,'Equipo Ortop√É¬©dica','2',1),
	(2,'Asesor√É¬≠a Jur√É¬≠dica','As. Jca.',1),
	(3,'nueva cat','',0),
	(4,'Equipo Ortop√É¬©dicoo','',0),
	(5,'Equipo','',0),
	(6,'nuevooo','',0),
	(8,'nu','',1),
	(7,'','',0),
	(9,'categoria','',1);

/*!40000 ALTER TABLE `tipo_gestion` ENABLE KEYS */;
UNLOCK TABLES;


# Volcado de tabla usuarios
# ------------------------------------------------------------

DROP TABLE IF EXISTS `usuarios`;

CREATE TABLE `usuarios` (
  `idusuario` int(11) NOT NULL AUTO_INCREMENT,
  `nomusuario` varchar(30) NOT NULL,
  `password` varchar(80) NOT NULL,
  `idrol` int(11) NOT NULL,
  `estatus` int(11) DEFAULT NULL,
  PRIMARY KEY (`idusuario`)
) ENGINE=MyISAM DEFAULT CHARSET=latin1;

LOCK TABLES `usuarios` WRITE;
/*!40000 ALTER TABLE `usuarios` DISABLE KEYS */;

INSERT INTO `usuarios` (`idusuario`, `nomusuario`, `password`, `idrol`, `estatus`)
VALUES
	(1,'Erika','2ee3385315ca7a9fb81f01dda93bbb59',2,NULL),
	(2,'Dafne','e10adc3949ba59abbe56e057f20f883e',3,NULL),
	(3,'admin','e10adc3949ba59abbe56e057f20f883e',2,NULL),
	(4,'irvin','cb06868bab236ab6a16bf1d86a788e29',2,1);

/*!40000 ALTER TABLE `usuarios` ENABLE KEYS */;
UNLOCK TABLES;



/*!40111 SET SQL_NOTES=@OLD_SQL_NOTES */;
/*!40101 SET SQL_MODE=@OLD_SQL_MODE */;
/*!40014 SET FOREIGN_KEY_CHECKS=@OLD_FOREIGN_KEY_CHECKS */;
/*!40101 SET CHARACTER_SET_CLIENT=@OLD_CHARACTER_SET_CLIENT */;
/*!40101 SET CHARACTER_SET_RESULTS=@OLD_CHARACTER_SET_RESULTS */;
/*!40101 SET COLLATION_CONNECTION=@OLD_COLLATION_CONNECTION */;
